ID;sexo;edad;ocupa;reli;sexismo1;sexismo2;sexismo3;sexismo4;conogay;conoles;amigay;amiles;afe1gay;afe2gay;afe3gay;afe4gay;afe1les;afe2les;afe3les;afe4les;homo1gay;homo2gay;homo3gay;homo4gay;homo5gay;homo6gay;homo7gay;homo1les;homo2les;homo3les;homo4les;homo5les;homo6les;homo7les;int1gay;int2gay;int3gay;int4gay;int1les;int2les;int3les;int4les;DD01_01;DD01_02;DD02_01;DD02_02
86;0;20;1;1;4;4;2;1;0;0;0;0;-99;-99;-99;-99;5;5;5;5;-99;-99;-99;-99;-99;-99;-99;-99;-99;-99;-99;-99;-99;-99;-99;-99;-99;-99;4;3;3;5;5;5;5;3
90;1;21;1;4;3;2;3;3;3;0;1;0;-99;-99;-99;-99;3;4;3;3;2;2;3;3;3;3;3;2;2;3;3;3;3;3;-99;-99;-99;-99;3;3;3;3;3;3;4;3
319;1;21;1;2;3;2;1;3;6;2;2;0;-99;-99;-99;-99;5;5;5;5;-99;-99;-99;-99;-99;-99;-99;1;1;1;1;1;1;1;-99;-99;-99;-99;3;4;3;3;-99;-99;-99;-99
752;1;20;1;3;1;4;1;1;2;0;2;0;-99;-99;-99;-99;5;4;4;4;-99;-99;-99;-99;-99;-99;-99;1;1;4;1;4;2;2;-99;-99;-99;-99;3;3;3;3;-99;-99;-99;-99
793;0;20;1;1;2;3;4;3;0;3;0;0;-99;-99;-99;-99;4;4;4;4;-99;-99;-99;-99;-99;-99;-99;1;3;4;4;4;4;4;-99;-99;-99;-99;4;4;4;4;-99;-99;-99;-99
83;1;18;1;4;2;4;1;1;2;0;2;0;-99;-99;-99;-99;4;4;4;3;-99;-99;-99;-99;-99;-99;-99;2;2;4;3;2;3;4;-99;-99;-99;-99;4;3;3;4;-99;-99;-99;-99
379;1;20;1;2;4;4;3;2;0;1;0;0;1;1;1;1;1;1;1;1;3;4;5;5;5;5;5;5;3;4;-99;3;4;5;1;1;1;1;1;1;1;1;3;1;4;1
337;1;25;4;1;4;1;1;3;0;0;0;0;1;1;1;1;1;1;1;1;4;5;4;5;5;5;5;4;5;5;4;5;5;5;1;1;1;1;1;1;1;1;1;1;1;1
900;0;18;1;5;3;4;4;5;1;3;0;1;1;1;1;1;5;4;5;5;4;4;5;5;5;5;5;4;2;5;5;5;4;5;1;1;1;1;5;4;5;5;2;2;4;1
833;0;24;1;2;5;5;3;5;1;2;1;0;2;5;3;3;-99;-99;-99;-99;3;1;1;1;2;3;3;3;-99;-99;-99;-99;-99;-99;3;3;3;3;-99;-99;-99;-99;-99;-99;-99;-99
829;0;-99;-99;-99;5;5;5;5;7;0;0;1;2;4;4;1;1;5;5;5;1;5;1;1;1;1;1;5;1;5;5;5;4;4;4;4;4;1;5;5;4;1;1;1;4;4
277;1;20;1;7;2;2;2;3;0;4;0;0;2;2;3;3;3;4;3;3;2;2;2;2;2;4;4;1;1;1;1;1;2;2;3;-99;3;3;3;3;3;3;4;2;4;4
459;0;20;1;1;1;1;1;1;6;6;4;2;2;2;1;1;4;4;3;3;1;4;1;2;1;2;1;1;4;1;1;2;2;2;5;5;5;5;5;5;-99;5;2;1;2;3
324;0;-99;1;2;4;4;3;3;2;6;3;4;2;3;4;2;4;2;3;3;4;3;3;4;4;3;3;3;2;4;3;2;3;3;4;3;4;2;4;3;4;3;3;4;4;4
585;1;24;1;5;2;2;2;2;6;3;2;1;2;4;3;3;2;4;4;4;1;2;1;1;1;2;2;1;1;2;1;1;2;1;3;3;3;3;3;3;3;3;4;4;4;4
108;0;23;1;3;2;4;2;4;0;1;0;1;2;3;2;2;4;4;4;3;2;2;2;4;2;3;5;2;2;4;4;2;2;4;2;2;2;2;3;3;3;3;4;2;4;4
866;0;20;1;4;5;2;4;3;1;0;0;0;2;4;1;1;1;4;1;1;1;3;5;4;5;5;5;1;2;5;5;5;5;5;1;1;1;1;1;1;1;1;3;1;5;2
631;0;19;1;6;1;1;1;4;2;0;0;0;2;1;2;3;4;4;4;4;3;2;3;2;2;4;3;2;1;2;2;2;4;4;4;4;4;4;4;4;4;4;4;4;4;4
791;0;19;1;2;3;4;2;3;0;0;1;0;2;5;3;4;5;5;3;5;2;1;5;5;5;3;5;2;2;5;5;5;3;5;3;4;3;3;3;4;3;3;5;5;5;5
841;0;19;1;1;4;5;3;4;0;3;0;1;2;2;3;2;3;4;3;3;4;4;5;5;4;5;4;1;1;4;4;5;5;3;4;3;4;2;3;4;3;4;4;1;4;5
481;1;18;1;6;2;2;1;1;5;2;0;2;2;4;3;2;4;4;4;3;5;5;5;4;5;5;4;4;5;5;4;5;5;3;2;2;2;1;3;3;1;3;1;1;1;4
50;0;24;1;5;2;2;3;3;0;2;0;2;3;4;4;3;4;4;4;4;5;2;5;4;4;5;4;5;2;5;5;5;5;5;4;3;3;3;4;3;3;3;2;2;1;5
153;1;25;1;6;1;5;1;1;4;0;3;0;3;5;3;3;3;5;3;3;1;1;1;1;3;3;1;1;1;1;1;4;3;1;3;3;3;3;3;3;3;3;-99;-99;-99;-99
218;1;20;1;7;5;4;1;5;1;1;1;0;3;3;3;2;1;3;3;3;5;5;5;1;5;1;5;1;1;5;5;5;1;1;4;4;4;3;4;4;4;3;1;1;4;1
876;0;20;1;2;1;4;4;1;5;5;5;0;3;3;3;3;3;3;3;3;3;3;3;3;3;3;3;3;3;3;3;3;3;3;3;3;3;3;3;3;3;3;3;3;3;3
675;1;25;3;1;4;3;2;3;2;3;1;2;3;4;4;4;4;4;3;4;4;3;4;2;3;3;3;3;2;3;4;4;2;3;3;4;3;4;4;4;3;2;4;4;3;4
567;1;22;3;1;3;4;1;2;2;1;2;1;3;3;3;3;3;3;3;2;4;2;4;4;5;5;5;3;4;2;2;2;3;3;4;-99;2;4;4;4;4;4;4;5;5;4
817;1;19;1;-99;1;1;1;1;1;3;0;1;3;4;3;3;3;5;3;3;3;2;2;2;2;2;2;3;1;3;2;2;2;2;4;3;3;3;3;3;3;3;5;5;5;5
455;1;18;1;4;4;3;3;4;0;2;0;0;3;5;3;3;3;5;3;3;1;5;1;1;1;1;1;2;1;1;1;1;1;1;3;3;3;3;3;3;3;3;3;3;4;4
908;0;18;1;4;3;4;3;3;2;3;2;4;3;4;4;4;4;4;4;-99;4;2;3;2;2;2;3;4;2;3;2;2;2;2;3;3;4;4;4;3;4;4;4;5;5;5
785;1;25;1;5;2;3;3;3;2;0;1;0;3;4;4;3;3;4;3;3;5;2;4;5;5;3;4;4;3;5;5;5;3;5;3;3;3;3;3;3;3;3;2;2;4;3
173;1;25;1;6;1;3;1;1;5;0;2;0;3;5;4;4;4;5;4;4;1;1;2;1;2;1;1;1;1;1;1;2;2;1;3;3;3;3;3;3;3;3;5;3;5;5
221;1;25;2;1;1;2;3;2;1;2;0;2;3;4;3;3;3;5;3;3;3;1;3;3;3;3;3;2;1;3;3;3;3;3;4;4;5;5;5;5;5;5;5;5;5;5
621;1;25;1;3;2;1;1;3;2;3;2;2;3;3;3;3;-99;-99;-99;-99;2;2;4;3;3;3;3;-99;-99;-99;-99;-99;-99;-99;3;3;3;3;-99;-99;-99;-99;-99;-99;-99;-99
781;0;25;2;3;2;4;2;2;2;2;3;2;3;4;2;2;3;4;3;3;1;2;2;1;2;1;2;1;2;2;2;2;2;2;3;3;3;4;3;3;3;3;4;4;4;4
888;0;25;1;5;3;2;4;4;2;0;0;0;3;5;3;3;3;5;3;3;3;1;3;3;3;2;2;3;1;3;4;3;2;3;3;3;3;3;3;3;3;3;2;1;4;4
524;1;24;3;5;2;3;3;3;1;0;1;0;3;4;3;3;4;4;3;3;2;3;2;3;3;4;3;1;3;4;4;2;3;3;3;3;3;3;3;3;3;3;4;2;2;4
179;0;24;1;1;3;4;2;1;2;1;0;1;3;4;4;3;4;4;4;4;4;2;5;5;5;1;5;4;1;1;2;2;5;1;3;3;3;3;4;4;3;3;4;2;4;2
191;0;24;1;4;3;4;3;3;2;0;2;0;3;3;4;3;3;3;3;2;4;5;4;5;4;5;5;3;5;4;3;3;3;3;2;2;2;2;2;2;2;3;1;1;3;1
206;0;24;1;2;2;4;2;4;3;1;0;0;3;4;3;3;4;5;4;3;4;1;4;2;4;4;2;1;1;2;2;4;2;2;3;3;3;3;3;3;3;3;4;4;5;5
352;1;24;3;2;2;4;2;2;5;0;4;0;3;3;4;3;3;3;3;3;2;1;2;2;4;2;2;2;1;2;2;2;2;2;3;3;3;3;3;3;3;3;5;5;5;5
375;0;24;1;1;3;4;3;3;1;2;0;1;3;4;3;3;4;4;4;3;3;1;4;2;3;2;3;3;1;4;2;3;3;3;3;3;3;2;3;3;3;3;3;3;4;4
389;0;24;1;1;2;4;2;2;2;0;0;0;3;5;4;4;4;5;4;4;2;1;3;4;3;1;1;2;1;3;3;3;1;1;3;3;3;3;3;3;3;3;3;2;5;5
445;0;24;1;1;1;3;1;1;2;1;0;0;3;3;3;3;3;3;3;3;3;1;3;3;2;3;3;3;1;3;3;3;3;4;3;3;3;3;3;3;3;3;5;5;5;5
584;1;24;3;6;5;4;5;5;1;1;0;0;3;4;3;3;3;4;3;3;3;4;5;4;5;5;5;3;2;5;5;5;5;5;3;3;3;3;3;3;3;3;2;1;4;4
601;1;24;4;5;1;3;1;3;4;0;2;0;3;4;3;3;3;4;3;3;3;2;4;3;4;3;3;3;2;4;3;3;2;2;3;3;3;3;3;3;3;3;3;3;3;4
612;0;24;3;1;2;4;4;2;2;0;1;0;3;3;3;3;3;3;3;3;3;1;5;5;5;1;5;1;1;1;5;4;1;5;3;3;3;3;3;3;3;3;5;5;5;5
715;0;24;1;1;1;5;4;5;1;2;0;2;3;3;3;3;4;4;4;4;1;1;3;4;3;5;2;1;1;2;4;1;3;3;3;3;3;3;4;4;4;4;4;4;5;3
725;1;24;1;5;1;3;2;1;0;8;6;2;3;4;3;3;3;3;3;3;2;2;2;2;2;3;2;2;2;2;2;2;3;2;3;3;3;3;3;3;3;3;5;4;5;5
775;1;24;1;5;3;3;3;3;6;2;3;0;3;4;3;3;3;4;3;3;4;3;3;2;4;5;3;3;4;3;2;3;5;3;3;3;3;3;3;3;3;3;1;1;3;3
187;1;23;1;4;2;4;2;2;5;4;4;3;3;4;3;3;4;4;3;4;3;3;4;3;4;2;3;3;2;3;3;4;4;3;3;3;3;3;3;3;3;3;4;3;4;4
368;0;23;1;2;4;2;2;4;3;3;0;0;3;4;3;3;4;4;3;3;3;2;5;4;2;1;5;3;2;4;3;3;2;4;3;3;3;3;3;3;3;3;4;2;4;4
457;1;22;1;5;3;5;3;3;1;0;0;0;3;4;4;4;4;3;4;3;2;2;4;3;3;2;3;2;2;3;4;3;2;3;4;4;4;3;4;4;4;3;4;4;4;4
239;0;22;1;6;3;4;3;3;5;2;2;1;3;4;3;3;3;3;3;3;4;3;4;3;3;4;4;3;3;3;3;3;3;3;4;4;3;3;4;4;4;3;2;2;3;3
265;0;22;1;3;3;2;3;3;0;3;0;0;3;3;3;3;3;3;3;3;2;2;3;3;3;1;3;2;2;3;2;2;1;2;3;3;3;3;3;3;3;3;4;4;4;4
402;1;22;1;7;2;4;2;3;1;2;0;0;3;4;3;3;3;4;3;3;3;2;4;2;4;3;3;4;2;4;2;4;3;2;3;3;3;3;3;3;3;3;4;1;3;4
622;0;22;1;2;1;4;1;1;0;1;0;0;3;3;3;3;3;3;3;3;3;1;2;2;3;4;2;3;1;1;1;2;4;2;3;3;3;3;3;3;3;3;5;5;5;5
750;1;22;1;5;3;4;2;3;1;2;0;0;3;4;3;3;3;4;3;3;3;3;4;3;4;3;3;3;3;4;3;4;3;3;3;3;3;3;3;3;3;3;3;1;2;4
762;0;22;1;4;3;4;3;2;2;2;0;2;3;5;3;3;3;5;3;4;2;2;3;2;3;3;1;1;1;3;1;1;1;1;3;3;3;3;3;3;3;3;4;4;4;3
773;1;22;1;4;3;4;4;4;2;1;0;1;3;4;4;3;3;4;4;3;3;2;4;4;2;4;4;3;1;5;4;4;4;5;3;3;3;3;3;3;3;3;1;2;3;3
794;0;22;1;7;2;4;3;2;0;1;0;1;3;5;3;3;3;5;3;3;3;2;5;2;4;3;4;3;2;4;3;4;4;4;4;4;4;3;4;4;4;3;1;1;3;3
798;0;22;1;3;3;5;3;2;0;0;0;0;3;3;3;3;5;5;3;5;3;2;3;4;4;3;4;3;2;3;4;4;3;4;3;3;3;3;4;4;4;4;4;4;4;4
849;0;22;1;1;3;4;2;4;0;0;0;3;3;4;3;3;4;5;5;5;1;2;3;5;3;4;4;1;1;1;2;1;1;1;3;3;4;4;4;5;5;4;1;1;4;4
899;0;22;3;2;3;5;3;5;2;3;2;3;3;3;3;3;3;3;3;3;3;4;3;4;4;4;3;3;3;3;3;3;2;3;3;3;3;3;3;3;3;2;2;1;3;1
227;1;21;1;2;3;4;2;1;5;3;1;0;3;5;3;3;3;5;3;3;2;1;1;1;1;2;1;1;1;1;1;1;2;1;4;4;4;4;4;4;4;4;5;5;5;5
96;1;21;1;5;2;4;3;3;7;6;1;1;3;5;4;4;3;5;3;3;2;1;2;2;3;3;3;2;1;3;2;2;3;2;4;4;4;4;4;3;4;4;5;5;5;5
160;0;21;3;2;2;4;4;4;7;5;3;6;3;2;3;4;2;4;2;2;3;2;3;4;2;2;4;3;5;4;3;4;3;4;3;3;3;3;3;3;3;3;4;4;4;4
183;0;21;1;2;2;4;2;2;0;0;0;0;3;4;3;3;4;4;3;3;2;2;4;2;3;2;2;2;1;2;2;2;1;1;3;3;3;3;3;3;3;3;4;4;4;4
245;1;21;1;6;3;4;3;3;2;2;2;0;3;3;4;4;3;3;3;3;2;3;3;3;2;3;4;4;3;4;3;4;4;4;4;4;4;4;4;3;3;3;3;2;4;4
312;1;21;1;4;4;4;2;2;2;7;1;0;3;4;4;4;3;4;4;4;2;2;1;3;3;1;4;3;2;2;3;3;1;3;3;3;3;3;3;3;3;3;4;3;5;5
534;1;21;1;5;4;4;3;4;4;1;0;0;3;3;2;3;3;3;3;3;3;3;4;2;3;4;3;3;4;4;3;4;4;4;3;3;3;3;3;3;3;3;2;2;3;3
729;1;21;1;5;3;3;3;3;0;1;0;0;3;3;3;3;3;3;3;3;3;3;3;3;3;3;3;3;3;3;3;3;3;3;3;3;3;3;3;3;3;3;3;3;3;3
855;0;21;1;6;4;5;3;5;0;0;0;0;3;3;2;1;3;3;2;1;4;3;4;3;5;5;4;4;3;4;4;5;5;4;2;1;3;1;1;2;3;1;3;1;2;1
870;1;21;1;5;1;1;1;1;0;4;0;0;3;3;5;3;1;1;1;1;5;1;5;5;5;3;5;5;5;5;5;5;5;5;5;5;5;3;1;1;1;1;1;1;1;1
229;1;20;1;6;3;3;4;4;0;2;4;0;3;3;3;3;3;3;3;3;1;1;3;3;2;2;2;3;3;3;3;3;3;3;3;3;3;3;3;3;3;3;3;3;3;3
255;1;20;1;2;3;3;2;3;1;0;1;0;3;3;3;3;3;3;3;2;2;2;2;2;2;2;2;3;3;3;3;3;3;3;3;3;3;3;3;3;3;3;4;4;4;4
315;0;20;1;1;1;2;1;1;1;1;0;0;3;5;3;3;4;5;4;3;2;1;5;2;5;4;2;2;1;5;2;5;4;2;3;3;4;3;3;3;4;3;5;4;5;5
341;1;20;1;5;4;3;1;2;0;0;0;0;3;4;4;3;3;4;4;3;1;2;2;1;1;3;1;1;2;1;1;1;3;1;4;4;3;4;4;4;3;4;3;3;3;3
807;0;20;1;2;4;2;4;4;1;1;0;1;3;4;4;4;4;4;3;4;3;2;4;3;4;2;3;3;3;4;4;4;3;4;4;3;4;3;4;4;3;3;4;4;5;4
847;0;20;1;2;2;3;1;3;2;4;0;6;3;4;3;4;3;4;3;4;2;1;1;2;2;3;2;2;1;1;1;1;3;1;3;3;4;3;3;3;4;3;5;5;5;5
907;0;20;1;3;2;5;3;2;0;3;1;3;3;4;3;3;4;4;4;4;1;5;1;1;1;1;1;1;1;3;2;2;1;1;3;3;3;3;3;3;3;3;3;2;4;4
917;0;20;1;1;3;3;2;5;2;1;0;1;3;4;4;4;3;4;4;4;1;2;3;4;4;3;4;2;2;3;4;4;3;4;3;3;3;3;3;3;3;3;3;2;4;4
931;0;20;1;1;3;3;3;3;1;2;0;0;3;4;4;3;3;4;3;3;3;1;3;2;4;3;5;3;2;4;4;4;3;5;3;3;3;3;3;3;3;3;4;4;4;3
189;0;19;1;7;4;4;3;3;4;4;2;0;3;4;3;3;3;3;2;3;1;1;4;4;4;2;5;4;2;5;5;5;3;5;3;3;3;3;3;2;2;2;2;4;4;4
380;1;19;1;5;3;4;2;3;4;3;3;0;3;4;4;3;2;4;3;3;3;3;4;3;5;4;5;3;4;4;3;5;4;4;3;3;3;3;3;3;2;3;2;3;2;3
131;0;19;1;2;4;4;4;3;3;2;2;2;3;4;3;3;4;4;4;4;3;1;4;2;1;4;4;3;1;2;1;2;4;3;3;4;3;3;3;4;3;3;5;4;5;5
247;1;19;1;7;2;4;2;3;4;1;1;0;3;4;4;4;4;4;3;3;3;3;4;4;3;3;2;1;3;5;5;2;3;1;3;3;3;3;3;3;3;3;1;1;3;3
296;0;19;1;6;5;4;3;5;1;1;1;1;3;4;3;3;4;4;4;4;4;4;5;3;5;3;5;3;3;4;3;4;3;5;3;3;3;3;5;5;5;3;2;1;3;1
297;0;19;1;1;4;3;2;4;0;0;0;0;3;3;3;3;3;3;3;3;3;3;3;3;4;5;3;3;3;3;3;4;4;3;3;3;3;3;3;3;3;3;2;4;4;3
311;0;19;1;5;2;2;2;2;0;3;0;3;3;4;3;3;3;4;3;3;4;1;4;4;4;5;5;4;1;4;4;4;5;4;3;3;3;3;3;3;3;3;4;4;4;4
466;0;19;1;3;5;2;3;5;1;0;0;0;3;2;3;3;4;3;3;3;5;1;5;5;5;5;5;1;2;5;5;5;5;5;3;3;3;3;3;3;3;3;3;3;4;4
608;1;19;4;1;1;1;1;1;0;0;0;0;3;4;3;3;5;4;4;5;4;2;5;3;5;5;3;4;3;3;3;3;5;4;3;3;3;3;4;3;3;3;4;2;5;5
751;1;19;1;4;4;4;4;3;2;0;2;0;3;4;4;3;3;4;3;3;2;2;5;5;5;2;4;4;2;4;4;4;2;3;3;3;4;4;3;3;4;3;3;4;4;4
848;0;19;1;4;3;2;2;3;0;0;0;0;3;3;3;3;3;3;3;3;3;2;3;2;4;5;4;3;2;3;2;4;5;4;3;3;3;3;3;3;3;3;3;3;4;4
860;0;19;1;2;4;3;3;3;1;0;1;0;3;4;3;3;3;3;3;3;3;3;4;3;4;4;3;4;3;3;3;4;4;3;3;3;3;2;2;3;2;2;3;2;3;2
250;1;18;1;5;3;4;4;3;3;1;0;0;3;4;3;3;2;4;3;2;4;4;4;3;4;3;3;3;3;5;3;5;3;3;3;3;3;3;3;3;3;3;4;2;2;4
599;1;25;2;5;4;5;3;4;1;0;1;0;4;5;4;4;4;5;5;5;2;1;3;4;3;3;3;3;2;4;4;3;3;3;5;5;5;4;5;5;5;4;4;4;4;4
190;1;19;1;6;1;3;3;1;1;2;1;2;4;4;5;5;4;5;5;5;1;1;3;2;2;3;3;3;1;2;1;4;3;2;5;5;5;5;4;3;4;5;5;1;5;5
536;0;25;3;5;1;4;3;2;2;2;1;2;4;5;5;5;4;5;3;5;1;1;4;2;4;4;2;2;1;4;2;4;2;2;4;4;3;3;5;5;4;5;5;5;5;5
383;1;24;3;5;4;-99;2;-99;5;1;1;0;4;4;4;4;4;4;4;4;1;5;1;1;1;1;1;1;2;1;4;1;1;1;4;4;3;3;3;3;3;4;4;4;4;4
518;1;24;1;5;2;3;2;3;0;8;5;3;4;4;4;3;4;4;-99;3;1;2;3;1;1;1;1;1;1;3;2;2;2;1;4;-99;4;4;4;4;4;-99;4;4;4;4
677;0;24;1;3;3;4;3;2;6;2;3;1;4;4;4;4;4;4;4;4;1;5;1;1;1;1;1;1;-99;2;2;2;1;3;4;4;-99;4;4;4;4;4;4;4;4;4
893;0;21;1;2;2;3;3;3;-99;-99;0;1;4;4;5;4;5;5;5;5;2;1;2;2;3;1;2;1;1;3;1;2;1;1;4;4;5;4;5;5;5;5;5;5;5;5
276;1;19;1;5;1;3;1;3;6;3;3;0;4;4;3;4;4;4;3;4;1;1;1;1;1;1;1;1;1;1;1;1;1;1;4;4;4;4;4;4;4;4;5;5;5;5
378;0;25;3;2;4;5;3;4;0;0;0;0;4;4;4;3;4;4;4;4;4;2;5;5;5;3;5;2;1;4;5;4;3;4;3;3;3;3;4;4;4;4;4;4;5;5
691;1;25;1;7;5;5;5;5;0;0;6;7;4;-99;2;2;3;3;3;5;5;1;5;5;5;5;5;4;3;3;3;4;4;3;4;4;4;4;5;5;5;5;4;5;5;5
458;1;25;2;4;3;4;3;4;5;2;2;0;4;4;4;4;4;3;3;-99;2;3;4;3;2;2;3;2;3;3;3;2;2;4;4;4;4;4;3;3;2;3;3;3;4;4
356;1;25;1;3;4;4;4;4;4;5;4;6;4;4;3;4;4;4;3;4;3;2;3;3;3;2;3;4;1;3;1;3;2;3;3;3;3;3;3;3;3;3;5;4;5;5
448;0;25;1;6;1;4;5;3;3;0;3;2;4;5;3;4;5;5;3;4;2;1;3;2;2;1;2;1;1;3;2;4;1;2;4;5;5;5;5;5;5;5;5;5;5;5
169;1;24;1;4;1;3;3;2;3;0;2;0;4;4;4;4;2;4;3;3;2;2;-99;3;2;2;2;1;2;3;2;3;3;3;4;4;4;4;2;2;2;2;4;2;4;5
355;1;24;4;1;2;4;2;3;1;1;0;1;4;5;4;4;4;5;3;3;2;1;2;2;3;3;3;2;1;2;2;4;2;3;2;2;3;2;3;-99;3;3;5;3;5;5
738;0;23;1;4;3;3;4;3;2;1;2;1;4;4;4;4;4;4;4;4;4;4;4;4;3;1;4;2;1;3;4;4;5;3;3;3;-99;4;4;4;4;4;4;4;4;3
148;0;22;1;1;1;4;1;2;3;4;0;1;4;5;4;5;5;5;-99;5;1;1;2;1;2;2;2;2;1;2;2;3;2;1;5;5;5;5;5;5;5;5;5;5;5;5
697;0;22;1;2;2;3;2;1;4;2;2;2;4;4;4;3;4;5;4;4;1;5;1;1;1;1;1;1;1;1;1;1;1;1;3;3;3;3;4;4;3;3;5;5;5;5
54;0;21;1;1;2;3;2;3;4;1;1;1;4;4;3;3;4;4;3;-99;4;3;4;1;4;1;2;4;3;4;2;4;1;1;4;4;4;4;4;4;4;4;5;5;5;5
141;0;21;1;2;3;4;4;2;-99;0;0;0;4;4;5;2;4;4;4;4;2;4;5;4;5;1;4;2;2;4;5;5;2;3;3;3;4;3;4;4;4;4;1;5;5;2
308;1;21;1;2;2;2;2;2;3;1;2;0;4;4;4;4;4;4;4;4;1;5;1;2;1;2;1;2;1;1;1;1;2;1;4;4;4;4;4;4;4;4;5;4;5;5
603;1;21;1;4;3;4;3;3;5;1;4;1;4;4;5;4;4;4;4;4;1;1;1;2;2;3;3;2;1;1;1;3;3;3;3;3;4;4;3;3;4;4;5;5;5;5
281;1;20;1;1;1;1;1;5;3;3;0;3;4;4;4;4;4;4;4;4;2;1;3;2;2;2;2;3;1;3;1;2;2;2;3;3;3;3;3;3;3;3;5;5;5;5
293;0;20;1;5;3;3;1;3;0;0;5;5;4;4;4;4;4;4;4;4;2;5;1;1;-99;1;1;1;1;1;1;1;1;1;3;4;4;4;4;4;4;4;5;5;5;5
401;1;19;1;3;2;4;3;3;5;5;0;0;4;5;4;4;5;5;5;5;3;2;2;2;3;2;3;1;1;1;1;2;1;1;4;4;4;3;3;3;3;3;5;5;5;5
413;1;19;1;7;3;4;1;4;2;0;0;4;4;4;4;3;4;4;4;3;3;4;4;3;3;3;3;3;3;-99;3;4;3;3;3;3;3;3;3;3;3;3;1;2;4;4
416;1;19;1;5;1;4;4;2;4;2;0;0;4;4;4;4;3;5;3;3;1;3;2;1;2;4;2;1;2;2;1;2;1;3;3;3;3;3;3;3;3;3;5;1;4;4
871;1;18;1;5;3;2;4;5;5;8;5;7;4;4;4;4;3;4;4;4;1;5;1;1;1;1;1;3;2;1;1;1;4;1;4;4;4;4;4;4;4;4;4;4;4;4
554;0;-99;1;2;3;3;3;3;2;1;1;1;4;4;4;4;4;4;4;4;3;2;3;3;3;2;3;3;2;3;3;3;2;3;3;3;3;3;3;3;3;3;4;4;4;4
347;0;25;2;5;3;2;4;3;2;2;5;2;4;4;4;3;4;4;4;4;3;1;3;4;3;5;5;2;1;5;4;5;5;5;3;3;3;3;3;3;3;4;4;4;3;5
51;0;25;1;5;2;3;2;3;0;6;0;0;4;4;3;3;4;4;3;3;3;1;4;3;4;3;3;3;1;4;3;4;3;4;3;3;3;3;3;3;3;3;3;3;4;3
199;1;25;3;5;2;4;3;2;5;2;3;1;4;5;3;4;3;4;3;3;2;1;2;1;3;1;1;1;1;1;1;3;1;1;3;3;3;3;3;3;3;3;4;4;5;5
346;1;25;1;2;2;4;3;2;3;1;1;1;4;5;4;5;4;5;4;5;2;1;3;4;2;1;1;1;1;2;3;2;1;4;5;5;5;5;4;4;5;4;5;5;5;5
390;1;25;4;7;3;3;3;5;2;2;0;0;4;4;4;4;4;4;4;4;4;3;4;2;5;4;5;4;3;5;2;5;5;4;5;5;5;5;5;5;5;5;2;2;2;3
446;0;25;1;1;2;4;2;2;4;2;0;0;4;4;4;4;4;4;3;4;3;1;4;3;3;3;3;2;1;3;3;2;2;3;4;4;4;4;4;4;4;4;4;3;5;5
460;1;25;1;5;3;4;4;4;3;2;1;0;4;4;4;4;4;4;4;3;4;3;4;4;3;3;3;3;2;4;3;4;3;3;3;3;3;3;3;3;3;3;4;3;5;5
549;0;25;1;1;2;3;2;4;4;2;0;0;4;5;4;3;4;5;3;3;3;1;4;4;4;4;4;3;1;4;4;4;4;4;3;3;3;3;4;3;4;4;5;5;5;5
559;0;25;2;1;1;2;1;1;0;0;5;3;4;5;4;4;4;5;4;4;1;1;1;1;1;1;1;1;1;1;1;1;1;1;3;3;3;3;3;3;3;3;5;5;5;5
588;1;25;3;3;5;3;3;4;1;0;1;0;4;4;4;4;4;5;3;4;2;2;4;3;3;2;2;1;5;3;2;2;2;2;4;4;4;4;3;4;4;3;3;2;4;4
609;1;25;3;2;1;4;3;3;8;6;2;2;4;4;4;4;4;5;5;5;3;1;3;4;3;3;3;4;1;4;4;3;1;3;4;4;4;3;5;4;4;4;4;2;4;4
680;1;25;3;6;1;4;1;3;2;2;0;2;4;5;3;3;5;5;3;3;1;1;3;1;1;1;1;1;1;1;5;1;1;1;5;5;5;5;5;5;5;5;5;5;5;5
768;0;25;1;1;3;2;3;4;2;0;0;0;4;4;4;4;4;4;4;4;2;1;3;2;3;3;2;3;1;2;3;3;2;2;3;3;3;3;4;4;4;4;5;5;5;5
784;0;25;1;4;3;2;2;1;2;3;0;2;4;5;5;5;5;5;4;5;3;1;3;1;2;1;2;1;1;2;2;2;1;1;3;3;5;4;3;3;4;5;4;5;5;5
859;1;25;2;6;3;4;2;2;3;5;2;5;4;4;4;4;4;5;4;4;3;2;3;2;3;2;3;2;2;2;1;3;2;3;4;4;4;4;4;4;4;5;4;4;5;5
862;0;25;1;5;2;3;1;2;0;1;0;1;4;5;4;4;5;5;3;4;1;1;2;3;3;5;3;2;1;3;2;3;1;3;5;4;4;5;4;5;4;5;5;5;5;5
34;1;24;1;1;2;2;2;4;3;0;2;0;4;5;4;3;4;4;3;3;3;2;2;2;2;2;2;1;2;2;3;2;2;2;3;3;3;3;3;3;3;3;5;4;5;5
564;1;24;3;6;4;3;4;4;2;2;2;3;4;4;4;4;3;4;4;4;3;2;4;4;3;3;4;4;4;4;2;3;2;3;4;4;4;4;3;4;4;4;2;4;2;4
67;0;24;2;2;1;4;3;3;0;0;0;0;4;4;4;4;4;4;4;4;3;2;5;2;5;3;4;2;2;5;4;5;3;4;4;2;1;3;3;1;1;3;5;5;5;5
117;1;24;1;3;3;4;2;3;8;4;0;2;4;5;5;5;4;5;4;5;1;1;2;1;2;1;1;1;1;2;1;1;1;1;4;4;3;4;4;4;3;4;5;5;5;5
137;1;24;1;2;1;3;1;1;1;2;0;0;4;3;4;3;4;4;3;3;2;1;1;1;1;1;1;2;1;1;1;2;2;1;3;3;3;3;3;3;3;3;5;5;5;5
205;0;24;1;3;2;4;3;4;3;0;5;0;4;3;4;3;3;3;3;3;3;1;5;3;3;4;3;2;1;4;2;3;4;3;3;3;3;3;3;3;3;3;4;4;5;5
335;1;24;4;5;3;4;4;5;1;2;0;0;4;5;5;4;4;4;4;4;1;1;3;1;2;1;2;2;1;2;3;2;2;2;4;5;5;5;4;4;4;4;5;5;5;5
482;0;24;1;4;4;4;2;2;0;0;5;0;4;4;3;3;4;4;4;4;4;2;3;2;4;3;3;4;2;2;2;4;2;2;3;4;4;3;3;4;4;3;2;4;5;4
546;0;24;1;1;3;4;4;3;2;0;1;0;4;4;3;4;5;5;3;4;2;2;2;2;4;2;2;2;4;4;2;4;4;2;3;3;4;4;3;3;4;4;4;4;4;4
587;0;24;1;3;3;4;3;3;1;1;1;1;4;4;3;3;4;4;4;4;3;2;3;3;3;3;3;3;4;3;3;3;3;4;3;3;4;4;2;2;2;2;3;5;5;5
635;1;24;1;3;3;4;3;2;1;0;1;0;4;4;4;4;5;5;5;5;2;2;4;4;3;4;4;3;2;4;4;4;4;4;5;5;5;5;5;5;5;5;4;4;5;5
647;0;24;3;4;2;3;2;3;2;1;1;1;4;4;4;4;4;4;4;4;3;2;4;2;4;2;3;3;2;3;2;3;3;2;4;3;4;4;4;3;4;4;4;4;4;5
702;0;24;2;3;3;4;3;3;0;0;0;0;4;4;3;3;4;4;3;3;1;1;4;4;4;3;3;2;1;5;4;4;3;4;3;3;1;3;3;3;1;3;4;5;5;5
746;0;24;1;5;4;3;3;4;0;2;0;0;4;4;4;3;4;4;4;4;4;2;4;4;4;5;4;4;1;4;4;4;5;4;4;3;3;3;3;3;3;3;3;2;5;5
755;1;24;3;3;2;2;2;2;3;4;1;1;4;4;4;4;4;4;4;4;2;2;2;2;2;2;2;2;2;2;2;2;2;2;4;4;4;4;4;4;4;4;5;5;5;5
778;1;24;1;4;3;4;4;2;7;1;2;1;4;4;5;4;4;5;5;5;1;1;2;2;2;1;1;2;1;2;1;2;1;1;3;3;4;4;3;3;4;4;5;4;5;5
576;1;23;1;7;2;4;1;1;5;3;3;2;4;4;4;4;4;4;4;4;1;1;2;4;2;1;1;1;1;4;4;2;2;2;4;4;4;4;4;4;4;4;5;5;5;5
540;1;23;4;4;2;3;1;2;1;2;3;2;4;4;4;4;4;4;4;4;1;1;5;3;1;1;1;1;1;5;1;3;1;1;4;4;4;4;5;5;5;5;5;5;5;5
935;0;23;3;1;1;3;1;4;1;1;1;0;4;4;4;4;4;5;4;4;2;2;2;2;2;3;1;1;2;3;2;2;3;1;3;3;4;4;3;3;4;4;4;4;4;4
41;0;23;1;5;3;4;2;3;1;0;0;0;4;5;3;4;3;4;3;4;3;2;4;3;3;3;2;2;1;3;2;2;2;5;3;3;3;3;4;4;4;3;4;5;5;5
114;1;23;1;3;1;1;1;1;0;5;4;2;4;4;3;4;4;5;3;4;3;1;3;2;2;3;2;2;1;1;2;2;3;2;3;3;3;3;3;3;3;3;5;5;5;5
167;0;23;1;3;2;4;2;2;1;2;2;4;4;4;4;4;4;4;4;4;1;1;2;2;2;4;2;1;1;2;2;2;4;2;3;3;3;3;3;3;3;3;5;5;5;5
202;0;23;1;5;2;2;2;2;5;2;5;2;4;5;5;4;5;5;5;5;1;1;2;2;2;2;2;2;1;5;4;2;1;1;4;4;4;3;4;4;4;4;5;5;5;5
216;1;23;1;1;2;4;1;2;4;1;5;1;4;4;4;4;4;4;4;4;1;1;1;1;1;2;1;1;2;1;1;1;2;1;4;4;3;3;3;3;3;3;5;5;5;5
328;1;23;1;4;3;3;3;3;8;8;3;1;4;4;4;4;4;4;4;4;1;1;1;1;1;1;1;1;1;1;1;1;1;1;4;4;4;4;4;4;4;4;5;5;5;5
372;0;23;1;3;3;4;2;2;3;0;3;0;4;4;4;4;4;4;4;4;2;2;3;2;2;2;3;2;2;2;2;3;4;2;4;3;3;3;3;3;4;4;4;4;4;4
407;0;23;1;2;5;3;3;4;0;1;1;1;4;4;4;4;5;5;4;5;1;5;2;3;2;2;4;2;2;1;2;3;4;2;3;2;3;2;5;5;5;5;5;5;5;5
479;0;23;1;2;2;4;1;2;4;1;1;0;4;4;4;4;5;5;5;5;1;1;3;1;2;2;2;3;1;1;1;1;2;1;4;4;4;4;4;4;4;4;5;5;5;5
571;1;23;3;4;3;2;2;4;2;2;2;2;4;4;4;4;5;5;5;5;3;2;3;1;2;4;3;1;1;1;3;1;4;1;3;3;3;3;4;4;4;3;4;4;3;5
607;1;23;1;1;3;4;3;1;5;3;4;2;4;4;4;4;4;4;4;4;1;1;1;1;1;1;3;1;1;1;3;1;1;3;5;5;5;5;4;4;4;4;5;5;5;5
627;0;23;3;4;2;4;1;1;4;2;1;1;4;5;3;3;4;5;3;3;1;1;1;1;1;1;1;1;1;1;1;1;1;1;3;4;4;4;3;4;4;4;5;5;5;5
693;0;23;1;4;2;2;2;1;3;1;3;0;4;4;4;4;4;4;4;3;3;1;3;1;1;1;1;3;2;2;1;1;2;1;3;3;3;3;3;3;3;3;4;4;4;4
771;1;23;4;1;3;3;3;2;2;0;3;0;4;5;4;4;5;5;4;5;3;1;1;2;4;1;2;3;1;1;1;4;3;2;4;3;3;3;3;3;3;3;5;5;5;5
788;0;23;1;6;3;2;2;4;3;2;1;2;4;5;4;4;5;5;5;5;1;1;3;4;2;1;2;1;1;2;4;2;1;3;4;4;5;4;5;4;5;5;5;5;5;5
846;1;23;3;2;2;2;2;2;3;3;2;4;4;4;4;4;4;4;4;4;2;3;4;3;4;3;3;2;3;4;3;4;3;3;3;3;3;3;3;3;3;3;2;2;4;4
885;0;23;2;4;4;5;3;3;6;6;5;5;4;4;4;4;4;5;5;4;1;1;1;1;1;1;1;1;1;1;1;1;1;1;4;3;3;3;4;4;4;4;5;4;5;5
77;1;22;1;3;2;3;3;2;2;1;1;0;4;4;4;4;4;4;4;4;3;2;2;2;2;3;3;2;2;2;2;2;3;2;4;4;4;4;4;4;4;4;5;5;4;4
115;0;22;1;1;1;3;2;3;0;1;0;1;4;5;4;4;5;5;5;4;2;1;1;1;1;2;1;1;1;2;1;1;2;1;3;4;3;4;4;4;3;4;5;5;5;5
272;1;22;1;4;3;5;2;3;2;2;1;0;4;4;4;4;4;5;3;3;3;1;3;1;2;2;1;3;1;4;1;3;2;1;5;5;5;4;4;4;4;4;5;5;5;5
162;1;22;1;3;1;3;2;3;4;6;3;5;4;5;5;5;5;5;5;5;3;1;4;4;3;2;3;3;1;3;3;3;2;3;4;4;4;4;4;4;4;4;4;5;5;4
200;1;22;1;4;2;3;2;2;0;5;0;1;4;4;4;4;4;5;4;4;2;1;1;1;1;1;1;2;1;2;2;2;1;1;3;3;3;3;3;3;3;3;5;5;5;5
215;1;22;1;2;2;4;2;3;2;1;0;0;4;4;4;4;4;4;4;3;1;1;2;2;2;1;1;2;1;2;2;2;2;2;3;3;3;3;3;3;3;3;5;5;5;5
234;0;22;1;4;3;4;2;3;4;1;3;1;4;5;5;4;4;4;5;4;3;2;3;3;4;5;3;2;3;3;2;4;5;3;5;5;5;5;5;5;5;5;1;2;4;2
257;1;22;1;3;2;4;2;4;3;2;0;0;4;4;4;4;4;4;4;4;1;2;2;2;2;2;2;2;2;2;2;2;2;2;4;4;4;4;4;4;4;4;4;4;5;5
306;1;22;1;1;1;1;1;1;3;1;2;0;4;4;5;4;4;4;4;4;1;1;1;1;1;4;1;1;1;1;1;1;4;1;3;3;3;3;3;3;3;3;5;5;5;5
309;0;22;1;4;3;4;2;3;7;1;0;1;4;5;5;5;5;5;5;5;2;1;3;1;2;3;2;2;1;2;1;2;3;2;4;3;4;4;4;3;5;5;5;5;5;5
405;0;22;1;4;2;4;2;2;2;4;1;5;4;4;4;4;4;4;4;4;2;2;3;2;2;3;4;2;2;2;2;2;3;3;3;3;3;3;3;3;3;3;4;4;4;4
436;1;22;1;2;5;4;2;2;1;0;1;0;4;5;3;5;5;5;3;5;1;1;3;1;1;1;1;1;1;1;3;1;1;1;5;5;5;5;5;5;5;5;5;5;5;5
526;1;22;3;4;2;2;1;2;8;6;2;3;4;4;4;4;4;4;4;4;1;1;3;1;1;1;1;2;1;3;3;2;1;1;4;3;4;3;4;3;4;3;5;5;5;5
580;1;22;1;1;2;2;3;2;6;4;3;2;4;4;4;4;4;4;4;4;2;1;2;2;2;3;2;1;2;2;2;4;3;2;3;3;4;4;3;3;4;4;5;3;5;5
611;1;22;1;4;3;5;4;4;1;1;3;0;4;4;4;4;4;4;4;4;1;1;1;1;1;1;1;2;1;1;1;2;1;1;3;3;3;3;3;3;4;3;4;5;5;5
712;0;22;1;7;4;4;3;4;2;5;1;3;4;4;4;3;5;5;5;5;4;2;5;5;5;5;5;2;2;4;3;4;4;3;4;4;5;5;5;5;5;5;4;4;5;5
735;1;22;1;4;2;4;1;2;2;5;0;1;4;5;5;4;5;5;5;5;2;2;2;2;2;2;2;3;1;2;2;2;1;2;5;5;4;4;4;4;5;4;5;5;5;5
825;0;22;3;1;3;3;2;3;0;5;0;0;4;4;4;4;4;4;5;4;1;1;2;1;2;1;1;1;1;1;1;1;1;1;3;3;3;3;3;3;3;3;4;4;4;3
828;1;22;3;3;1;2;1;2;1;6;1;6;4;4;4;4;4;4;4;4;2;1;3;3;2;2;2;2;1;2;2;2;2;2;3;3;3;3;3;3;3;3;5;5;5;5
873;0;22;1;3;3;4;4;3;3;3;1;1;4;4;4;4;4;4;4;4;2;2;3;3;2;2;3;2;2;3;4;3;2;3;5;3;3;4;5;3;4;4;4;3;4;4
894;0;22;3;5;1;4;3;4;0;0;0;0;4;4;4;4;4;4;4;4;2;1;3;1;1;1;1;2;1;1;1;1;1;1;3;3;3;3;3;3;3;3;4;4;4;4
909;0;22;2;7;4;4;3;4;1;0;1;0;4;5;3;3;5;5;3;3;3;5;1;5;5;5;4;3;3;5;4;5;5;3;5;5;3;3;4;5;5;5;1;1;4;4
688;0;21;1;2;2;5;3;3;2;3;1;3;4;5;4;5;4;5;5;5;4;1;4;2;3;1;2;3;1;2;1;3;1;2;4;3;5;5;5;3;5;5;5;5;5;5
57;1;21;1;6;1;3;1;2;3;1;1;0;4;4;4;4;4;4;4;4;2;2;3;2;2;2;2;2;2;3;3;2;2;2;5;4;4;3;4;4;4;3;4;4;4;4
69;0;21;1;1;2;2;2;2;0;3;3;1;4;5;4;4;4;5;5;4;2;1;1;3;2;1;1;1;5;1;1;1;1;1;4;4;4;5;4;4;4;5;4;4;5;5
70;1;21;1;3;1;3;1;1;1;1;1;0;4;4;4;4;4;4;4;4;2;1;1;3;2;2;3;1;2;3;2;2;2;3;4;3;3;3;4;3;3;3;5;5;5;5
92;0;21;1;1;4;4;3;3;1;1;0;1;4;4;3;3;4;4;4;4;3;1;3;4;3;3;3;2;1;3;4;3;3;3;3;3;3;3;3;3;3;3;4;4;4;4
93;1;21;1;5;2;4;3;2;4;3;2;1;4;4;4;4;4;4;4;4;1;2;2;2;2;2;2;2;2;3;3;2;4;2;3;3;3;3;3;3;3;3;4;4;4;4
95;1;21;1;1;3;4;2;1;5;1;4;1;4;4;3;4;4;5;3;4;3;1;2;1;1;2;1;3;1;3;1;3;2;1;4;4;4;5;4;4;4;4;5;5;5;5
98;0;21;1;1;3;3;2;1;5;2;3;0;4;5;4;4;4;5;4;2;3;1;2;2;3;5;1;2;1;3;1;3;5;1;3;3;3;3;3;3;4;3;5;5;5;5
99;1;21;1;5;1;1;1;1;4;1;4;1;4;5;4;4;4;5;4;3;3;1;3;2;3;1;3;1;1;3;1;3;1;1;3;3;3;3;3;3;3;3;5;5;5;5
126;1;21;1;2;1;3;2;2;5;4;2;0;4;5;5;5;4;5;5;5;1;1;1;1;1;5;1;1;1;2;1;1;4;1;4;4;4;4;3;4;4;4;5;3;5;5
194;1;21;1;2;1;3;2;3;7;8;1;2;4;5;3;4;4;5;3;4;2;2;3;2;3;3;3;2;2;3;2;3;3;3;4;4;4;4;4;4;4;4;4;4;4;3
228;0;21;1;3;5;2;1;4;3;0;1;0;4;4;4;3;3;4;3;3;2;3;2;2;2;2;2;2;2;2;2;2;2;2;4;4;4;3;3;4;3;3;1;1;4;4
278;1;21;1;6;1;2;3;1;0;0;5;0;4;4;4;4;4;4;4;4;3;1;3;1;1;1;1;3;1;2;1;1;1;1;4;4;4;4;4;3;3;3;5;3;5;5
447;0;21;1;2;4;4;3;2;3;1;1;0;4;4;3;3;3;3;3;3;3;2;4;1;4;3;3;4;2;3;3;3;3;3;4;2;4;1;3;3;3;3;4;4;4;4
490;0;21;1;1;3;2;3;3;6;0;0;3;4;4;3;3;4;4;4;4;3;2;2;2;2;2;1;2;1;3;2;2;2;2;3;3;3;3;4;3;4;4;4;5;4;5
500;1;21;1;2;2;5;4;3;1;3;0;0;4;4;4;3;4;4;4;4;2;2;2;1;2;3;2;2;1;2;2;2;3;2;4;4;4;4;3;3;3;3;5;4;5;5
519;1;21;1;1;3;4;1;4;2;1;2;1;4;4;4;4;4;5;4;4;3;1;3;3;2;2;1;3;1;1;1;1;1;1;4;4;4;4;4;4;4;4;5;5;5;5
537;0;21;1;2;4;4;2;1;4;0;3;1;4;4;4;4;4;4;4;4;2;1;3;3;5;3;4;4;2;4;4;4;3;4;3;3;3;3;3;3;3;3;5;1;4;4
557;0;21;1;1;4;4;3;2;3;2;0;2;4;4;4;4;5;5;5;5;2;1;2;2;2;2;2;1;1;1;1;1;1;1;3;3;3;3;4;4;4;4;4;5;5;5
570;0;21;1;1;2;4;2;4;2;1;0;0;4;4;3;4;4;4;3;4;2;1;2;2;2;2;2;1;5;1;1;1;1;1;4;4;4;4;4;4;4;4;5;5;5;5
575;0;21;1;5;2;3;2;3;2;1;0;0;4;4;3;4;4;4;3;4;2;2;4;3;4;2;3;2;2;4;3;3;2;3;4;4;4;4;4;4;4;4;4;4;4;4
662;1;21;1;5;2;2;3;5;2;1;7;1;4;4;4;4;2;4;1;1;4;1;4;4;3;5;4;2;2;4;4;5;5;4;4;4;4;4;2;2;2;2;4;4;5;3
671;1;21;1;1;1;2;2;1;2;2;0;0;4;5;5;5;4;5;5;5;2;1;2;1;1;1;1;1;1;2;1;1;1;1;5;5;5;5;5;5;5;5;5;5;5;5
707;0;21;1;3;2;4;2;4;0;0;0;0;4;4;4;4;4;4;4;4;3;3;3;3;3;3;3;3;3;3;3;3;3;3;4;3;4;3;4;4;4;4;4;4;4;4
806;0;21;4;2;2;4;2;4;2;1;0;0;4;4;3;3;4;5;4;3;3;1;3;3;4;3;4;3;1;3;4;4;3;4;3;3;3;3;4;4;3;3;4;4;4;4
834;0;21;1;5;2;4;2;2;4;1;3;1;4;4;3;3;2;1;2;2;3;2;3;2;4;4;3;4;1;2;2;4;4;3;3;3;3;4;3;3;3;2;4;4;5;5
842;0;21;1;1;4;3;2;3;0;0;0;0;4;4;4;4;4;4;4;4;1;3;3;3;4;3;3;1;3;3;3;4;3;3;4;4;3;3;4;4;4;4;3;4;4;4
78;1;20;1;5;2;4;4;4;5;4;3;1;4;4;4;4;4;4;4;4;2;1;2;1;2;2;2;2;1;2;2;2;2;2;4;4;4;4;4;4;4;4;5;5;5;5
116;1;20;1;6;2;4;4;3;5;3;3;0;4;5;4;3;2;5;3;2;3;5;5;2;4;5;2;2;4;4;2;4;5;2;4;4;4;3;3;3;2;1;1;1;3;3
120;1;20;1;3;1;4;1;1;3;2;0;1;4;5;3;4;4;5;4;3;1;1;1;1;2;3;1;1;1;1;1;2;3;1;3;3;4;3;3;3;4;3;5;5;5;5
123;1;20;1;3;1;2;1;1;2;2;0;1;4;5;3;4;5;5;4;4;2;1;2;2;2;2;2;1;1;1;1;1;1;1;4;4;4;4;4;4;4;4;5;5;5;5
246;1;20;1;5;1;4;4;4;6;3;4;0;4;4;5;4;3;3;3;2;1;2;4;3;2;5;4;3;4;4;3;4;5;4;5;5;5;2;3;3;4;2;4;4;5;2
280;0;20;1;3;1;3;4;3;5;1;5;2;4;5;5;5;5;5;5;5;3;2;3;2;3;3;3;2;2;3;3;3;3;2;4;4;4;4;4;4;4;4;4;4;4;4
290;0;20;1;2;3;3;2;3;1;1;1;0;4;4;4;4;4;4;4;4;2;1;2;2;2;2;2;3;1;2;2;1;2;2;3;3;3;3;3;3;3;3;4;4;5;5
291;1;20;1;3;2;3;2;1;5;4;1;2;4;5;3;3;5;5;4;4;2;1;1;2;3;2;3;2;1;1;2;3;2;3;4;4;3;3;4;5;4;4;5;5;5;4
334;1;20;1;5;3;4;2;3;2;0;0;0;4;4;4;4;4;4;4;4;1;1;2;1;1;1;1;2;1;2;1;2;2;1;4;3;3;4;3;3;3;3;5;5;5;5
343;1;20;1;1;2;2;1;3;3;2;6;2;4;4;4;4;4;4;4;4;2;2;2;2;2;2;2;1;2;2;2;2;2;2;3;3;3;3;3;3;3;3;4;4;4;4
369;1;20;1;2;4;4;4;5;3;2;2;1;4;4;4;4;4;4;4;4;2;1;2;4;4;1;4;2;1;3;5;4;2;4;4;4;4;4;4;4;4;4;5;5;5;5
432;1;20;1;6;1;1;1;1;2;0;0;0;4;4;4;2;2;4;2;2;1;1;2;1;2;3;3;1;1;4;1;4;3;1;3;3;3;3;1;1;1;1;4;2;3;3
451;1;20;1;5;1;1;1;1;4;1;1;1;4;4;4;4;4;4;4;4;3;2;4;3;3;3;4;3;2;4;2;2;3;4;4;4;4;4;4;4;4;4;3;3;3;3
461;1;20;1;4;2;4;2;4;1;0;1;0;4;4;4;4;4;4;4;4;2;2;2;2;2;2;2;2;2;2;2;2;2;2;4;4;4;4;4;4;5;4;4;4;4;4
509;1;20;1;6;1;1;3;1;2;0;0;0;4;4;5;5;4;5;5;5;2;1;2;2;2;2;2;4;1;1;1;2;2;3;3;3;4;4;3;3;5;4;5;5;5;5
548;0;20;1;3;3;4;4;5;5;2;1;2;4;4;4;4;5;4;5;5;2;4;4;2;3;4;2;2;1;5;2;3;2;2;4;4;4;4;4;4;4;5;5;4;5;5
550;0;20;1;5;3;4;3;3;3;2;3;3;4;4;4;4;4;4;4;4;2;2;2;3;2;3;2;2;2;3;3;2;3;3;4;4;4;4;4;4;4;4;4;4;4;4
589;1;20;4;3;3;4;4;3;2;0;0;0;4;4;4;4;3;3;3;3;3;2;3;3;3;3;4;3;3;3;3;3;3;3;4;4;4;4;4;4;4;4;5;5;5;5
591;1;20;1;5;3;4;1;3;1;1;1;1;4;5;4;4;4;5;4;4;3;2;3;3;4;1;3;2;1;4;2;2;1;3;5;5;5;5;5;5;5;5;4;4;5;5
804;0;20;1;1;1;1;2;1;2;1;1;1;4;5;5;5;5;5;5;5;4;1;5;4;5;1;4;2;1;2;4;5;1;4;4;4;3;3;4;4;3;3;5;5;5;5
824;0;20;1;1;3;3;3;3;3;1;3;1;4;5;3;4;5;5;5;5;1;1;3;1;3;1;1;2;1;3;1;3;1;1;3;3;4;3;4;4;4;4;4;3;5;5
857;0;20;1;5;4;4;3;5;1;1;1;1;4;4;3;3;4;4;3;3;3;2;3;2;4;3;3;4;2;3;3;4;3;3;3;3;4;3;4;3;4;3;4;2;4;4
896;0;20;1;5;4;3;3;4;1;1;1;1;4;4;3;3;4;4;3;3;4;2;4;2;4;3;4;4;2;3;3;4;3;4;4;3;4;3;4;3;4;3;4;2;4;4
76;0;19;1;2;1;3;1;2;2;3;0;1;4;4;4;4;4;4;4;4;3;1;3;2;2;3;1;2;1;2;2;2;2;1;3;3;3;3;4;4;3;3;5;5;5;5
84;1;19;1;4;1;1;1;1;5;3;3;2;4;5;5;5;4;5;5;5;2;1;3;1;2;1;2;2;1;3;1;2;1;2;5;5;5;5;5;5;5;5;5;5;5;5
161;0;19;1;1;2;3;2;2;2;3;2;3;4;5;5;3;4;5;5;3;2;1;5;1;3;1;1;2;1;3;1;3;2;2;4;4;5;5;4;4;4;5;5;5;5;5
163;0;19;1;3;2;4;2;3;2;3;1;3;4;5;4;4;4;5;5;5;1;1;3;2;2;4;2;1;1;2;2;2;4;1;3;3;3;3;3;3;3;3;5;5;5;5
176;0;19;1;3;4;4;3;5;0;1;0;1;4;4;4;3;4;4;4;4;2;1;3;2;1;1;2;1;1;2;1;2;1;2;4;4;4;4;5;5;5;5;5;5;5;5
178;1;19;1;2;2;2;2;2;0;5;3;3;4;4;3;4;4;4;3;4;2;2;2;2;2;2;2;1;2;1;1;1;1;1;3;3;3;3;3;3;3;3;4;4;5;5
244;1;19;1;3;3;4;2;3;3;1;3;0;4;4;4;4;4;4;4;4;2;1;3;2;3;1;2;2;1;3;2;3;1;2;4;4;4;4;5;4;4;4;5;5;5;5
282;1;19;1;5;2;4;3;3;0;1;1;1;4;4;5;4;4;4;4;4;1;2;3;3;2;3;2;2;2;3;3;2;2;2;4;4;4;4;4;4;4;4;5;5;5;5
298;1;19;1;2;4;5;5;5;5;2;1;0;4;4;5;4;4;4;4;4;1;2;1;3;1;1;1;2;1;1;1;1;1;1;3;3;3;3;3;3;3;3;4;4;5;5
403;1;19;1;4;2;1;1;4;2;0;1;0;4;5;3;4;5;5;3;4;2;1;2;1;1;3;1;2;1;2;2;1;3;1;4;4;4;5;4;4;4;4;5;5;5;5
449;1;19;1;2;1;2;1;3;1;3;0;0;4;4;4;4;-99;-99;-99;-99;3;2;2;2;3;1;2;-99;-99;-99;-99;-99;-99;-99;5;5;5;3;-99;-99;-99;-99;-99;-99;-99;-99
483;1;19;1;2;2;2;1;2;4;2;2;0;4;5;5;5;4;4;4;4;2;1;2;1;1;3;1;1;1;2;1;1;3;1;4;4;4;4;4;4;4;4;5;5;5;5
533;1;19;1;5;1;2;2;2;5;2;3;1;4;5;5;5;5;5;4;4;2;2;3;2;4;3;3;2;2;2;2;3;3;2;5;5;5;5;5;5;5;5;4;4;5;5
535;1;19;1;4;3;3;1;4;1;3;1;2;4;4;4;4;4;4;4;3;1;2;2;4;1;1;3;2;1;3;1;1;1;3;3;3;3;3;3;3;3;3;4;3;4;5
596;1;19;1;5;1;3;2;1;0;0;0;0;4;4;5;4;5;5;5;4;1;1;2;2;2;1;2;1;1;1;2;1;1;1;5;4;5;4;5;5;4;5;5;5;5;3
810;1;19;1;6;2;5;3;3;3;4;0;2;4;5;4;3;4;5;3;4;1;1;2;2;2;2;3;1;1;2;2;2;2;3;3;3;3;3;3;3;3;3;4;5;5;5
819;0;19;1;1;2;4;2;3;1;0;0;0;4;4;4;4;4;4;4;4;2;1;2;1;1;2;1;1;1;1;1;1;1;1;3;3;3;3;3;3;3;3;5;5;5;5
861;0;19;1;1;1;3;1;1;5;5;1;2;4;5;5;4;4;5;5;5;2;1;3;1;2;1;1;2;1;3;1;2;1;1;3;4;3;3;3;4;3;3;5;5;5;5
901;0;19;1;5;3;4;3;4;0;0;0;0;4;4;3;4;4;4;3;4;2;2;3;3;3;2;2;2;1;3;3;2;2;2;3;3;3;3;3;3;3;3;4;1;2;3
911;0;19;1;2;2;3;4;2;2;2;2;0;4;4;4;4;5;5;5;5;2;1;2;1;1;1;1;3;2;3;2;2;2;1;3;3;3;3;3;3;3;3;4;4;5;5
914;0;19;3;4;4;4;2;3;2;3;1;2;4;4;4;3;4;4;4;3;3;2;3;3;4;2;3;3;2;3;3;4;2;1;4;3;4;4;4;3;4;4;3;2;5;5
918;1;19;1;1;2;2;1;3;0;0;0;0;4;4;3;4;4;4;4;4;1;1;2;3;3;3;3;1;2;3;3;3;3;3;4;4;4;4;4;4;4;4;4;4;4;4
925;0;19;1;2;3;2;2;4;0;2;0;1;4;4;4;3;4;4;4;3;3;1;2;2;3;2;4;2;1;3;2;4;1;4;4;4;4;4;4;4;4;4;4;4;4;4
32;0;18;1;1;3;4;2;4;1;0;0;0;4;5;4;4;5;5;4;5;3;1;3;1;1;3;3;1;1;1;1;1;3;1;3;3;3;3;3;3;3;3;5;5;5;5
33;1;18;1;4;2;2;4;3;4;2;4;0;4;5;4;4;4;4;4;4;3;1;3;2;2;2;3;3;2;3;2;2;2;3;4;3;4;4;4;3;3;3;5;5;4;4
119;0;18;1;1;1;4;2;3;0;3;0;0;4;4;4;4;4;4;4;4;1;1;2;2;2;2;2;2;1;3;2;2;2;2;4;4;4;4;4;4;4;4;5;5;5;5
171;1;18;1;6;1;1;1;3;4;8;0;3;4;5;4;5;4;5;4;5;3;2;5;3;4;2;4;2;2;5;3;4;2;3;5;4;4;4;5;4;4;4;4;2;4;3
214;1;18;1;4;2;1;2;3;6;4;0;1;4;5;3;4;4;4;4;4;3;1;2;4;3;4;5;4;1;4;4;2;4;5;4;4;5;5;4;4;5;5;3;4;4;5
232;1;18;1;5;1;2;2;1;2;3;1;1;4;5;4;3;4;5;4;4;1;1;1;1;1;1;1;1;1;1;1;3;1;1;3;3;3;3;3;3;3;3;5;4;5;5
248;1;18;1;6;2;4;4;4;1;0;1;0;4;5;4;4;4;4;3;3;1;2;4;4;3;1;3;2;3;4;4;4;1;4;4;4;4;5;4;4;4;4;4;4;4;4
364;1;18;1;3;2;4;1;1;2;1;2;0;4;5;5;5;5;5;5;5;1;1;1;1;1;1;1;1;5;1;3;2;1;1;5;4;4;3;4;4;4;3;4;4;5;5
399;1;18;1;2;3;4;2;2;3;2;3;0;4;4;4;4;4;4;3;3;3;1;3;3;4;3;2;2;2;3;2;3;4;2;4;4;4;4;3;3;3;3;4;4;5;5
406;1;18;1;7;5;3;2;5;6;3;1;0;4;5;5;3;4;5;5;3;1;1;3;2;4;2;4;1;1;3;1;3;2;4;3;3;4;4;3;3;4;4;3;4;5;5
412;1;18;1;1;3;4;1;3;2;7;0;0;4;4;4;3;4;5;3;3;4;2;3;2;2;4;3;2;2;3;2;2;4;3;3;3;3;2;3;3;3;2;5;2;4;4
422;1;18;1;1;2;4;1;2;2;6;1;3;4;4;4;4;5;5;5;5;2;1;2;2;2;2;2;2;1;3;2;2;1;1;4;4;4;4;4;4;5;5;5;5;5;5
472;1;18;1;5;1;1;1;1;1;1;0;0;4;5;5;5;4;5;5;4;1;1;1;1;1;1;1;1;1;1;1;1;1;1;5;5;5;5;4;4;4;4;5;5;5;5
562;1;18;4;4;3;2;2;3;1;0;0;0;4;3;3;4;3;4;3;4;2;2;4;2;2;3;3;2;2;4;2;3;2;3;3;3;3;3;3;3;3;3;4;4;4;4
593;1;18;1;6;3;4;4;5;4;7;6;0;4;4;4;4;5;5;5;5;3;1;5;2;3;3;4;3;1;1;1;4;3;1;4;4;4;4;5;5;5;5;4;5;4;5
845;1;18;1;5;2;2;1;3;3;3;2;2;4;4;4;4;4;4;4;4;2;2;3;2;2;2;2;2;2;2;2;2;2;2;4;4;4;4;4;4;4;4;3;3;4;4
924;0;18;1;1;2;2;1;1;1;0;1;0;4;5;4;4;4;4;4;4;4;2;4;1;3;5;4;5;2;5;2;5;5;5;3;3;4;4;3;3;4;4;4;4;5;4
937;0;18;1;4;4;3;3;5;1;2;0;0;4;4;4;4;4;4;4;4;3;2;3;3;2;2;3;2;2;3;2;3;2;3;3;3;3;4;4;4;3;4;4;4;4;4
365;0;18;1;2;4;4;1;5;2;0;2;-99;5;5;5;5;5;5;5;5;1;1;1;1;1;2;1;1;1;1;1;1;2;1;5;3;5;5;5;3;5;5;5;5;5;5
344;1;25;1;7;5;5;5;5;0;2;5;0;5;5;5;5;5;5;5;3;5;1;4;5;5;5;5;5;1;5;5;5;5;5;5;5;5;5;3;3;4;5;5;5;5;5
358;1;24;1;5;1;4;3;2;-99;3;2;2;5;5;5;5;5;5;5;5;1;1;4;5;2;3;4;1;1;3;4;5;3;3;5;5;5;5;3;3;4;4;5;5;5;5
165;1;18;1;1;1;1;1;1;5;3;5;3;5;5;5;5;5;5;5;5;1;1;1;1;1;3;1;1;1;1;1;1;3;1;5;5;5;5;5;5;5;5;5;5;5;5
49;0;25;1;3;1;1;1;1;0;7;3;3;5;5;5;5;5;5;5;5;1;1;1;1;1;1;1;1;1;1;1;1;1;1;3;3;3;3;3;3;3;3;5;5;5;5
377;1;24;3;1;3;2;3;2;2;4;2;3;5;5;5;5;5;5;5;5;1;1;1;4;2;3;5;1;1;1;1;2;2;2;4;4;4;4;4;4;4;4;4;4;4;4
453;1;21;1;5;1;1;1;1;0;5;7;2;5;5;5;5;5;5;4;4;1;1;3;1;1;1;1;-99;-99;3;1;1;1;1;4;4;4;4;4;4;4;4;5;5;5;5
805;1;25;1;4;1;3;1;1;1;1;1;0;5;5;5;5;5;5;5;5;1;1;1;1;1;1;1;1;1;3;1;2;1;1;5;5;5;-99;5;5;5;5;5;5;5;5
714;0;25;1;4;3;1;2;3;0;3;0;0;5;5;5;4;5;5;5;4;3;1;5;4;5;2;4;4;1;5;5;5;2;4;-99;3;3;3;3;3;3;3;4;3;3;3
118;0;23;3;5;3;4;3;3;3;2;5;7;5;5;4;4;4;4;4;4;4;4;5;5;5;3;5;2;3;5;2;5;3;5;3;3;3;5;3;3;3;5;2;2;3;3
203;1;23;3;4;4;1;1;1;0;5;0;0;5;5;5;5;5;5;5;5;1;1;1;1;1;1;1;1;1;5;1;1;1;1;5;5;5;5;5;5;5;5;1;1;1;1
267;1;23;1;1;1;4;1;1;5;2;4;2;5;5;5;5;5;5;-99;5;3;1;3;1;1;1;1;2;1;1;1;2;1;1;5;5;5;5;5;5;5;5;5;5;5;5
320;1;23;2;1;1;1;1;1;3;1;4;1;5;5;5;5;5;5;5;5;1;1;1;1;1;1;1;1;1;1;1;1;1;1;5;5;5;5;5;5;-99;5;5;5;5;5
590;1;23;4;5;3;2;3;4;5;3;3;3;5;5;5;5;5;5;5;4;1;1;1;1;1;1;1;2;1;2;1;1;1;1;5;5;5;5;5;5;5;5;5;5;5;5
613;1;23;1;5;1;1;1;1;4;1;4;1;5;5;5;5;5;5;5;5;1;1;1;1;1;1;1;1;1;1;1;1;1;1;5;5;5;5;5;-99;5;5;5;5;5;5
130;1;22;1;5;5;5;1;2;4;0;0;0;5;5;5;5;4;5;4;4;1;1;1;1;1;-99;1;1;1;1;1;1;1;1;5;4;4;5;4;2;4;4;5;5;5;5
222;1;22;1;3;1;3;2;1;0;5;3;0;5;5;3;3;4;5;3;3;3;1;2;2;2;1;1;2;1;3;2;3;2;2;3;3;4;3;3;3;3;3;5;5;5;4
299;1;22;1;2;1;3;2;1;0;5;8;5;5;5;5;5;5;5;5;-99;1;1;1;1;1;1;1;1;1;1;1;1;1;1;4;4;4;4;4;4;4;4;5;5;5;5
87;0;21;1;1;1;1;1;1;2;0;0;0;5;5;3;4;5;5;3;4;1;1;1;1;1;1;1;1;1;1;1;1;1;1;5;5;5;5;5;5;5;5;5;5;5;5
143;1;21;1;1;1;1;4;1;5;3;2;0;5;5;5;5;5;5;5;5;1;1;1;1;1;1;1;1;1;1;1;1;1;1;5;5;5;5;5;5;5;5;5;5;5;4
152;1;21;1;1;3;3;2;4;7;3;5;0;5;5;5;5;5;5;5;5;3;1;4;1;4;3;2;2;1;3;1;3;1;2;3;3;4;4;3;3;4;4;5;5;5;5
305;1;21;1;5;1;3;1;1;4;6;3;6;5;5;5;5;5;5;5;-99;2;1;2;2;2;2;3;2;1;2;2;2;2;2;4;4;4;4;4;4;4;4;4;4;4;4
325;1;21;1;6;2;2;2;4;3;1;2;1;5;5;5;5;5;5;5;5;3;2;2;2;4;4;2;3;1;2;2;3;4;1;5;5;5;5;5;5;5;5;2;2;5;5
393;1;21;1;1;1;2;1;1;6;4;5;3;5;5;5;5;5;5;5;5;1;1;1;1;1;1;1;1;1;1;1;1;-99;1;3;3;3;4;3;3;3;4;5;5;5;5
563;1;21;1;1;2;4;3;3;2;1;2;0;5;5;5;5;5;5;5;5;2;1;4;2;1;1;1;2;1;3;2;1;1;1;5;5;5;5;5;5;5;-99;5;5;5;5
74;1;20;4;5;1;3;1;3;4;3;0;1;5;5;5;5;-99;-99;-99;-99;1;1;4;1;2;1;4;-99;-99;-99;-99;-99;-99;-99;3;3;3;3;-99;-99;-99;-99;-99;-99;-99;-99
331;0;20;3;3;2;3;3;2;0;0;5;7;5;5;5;5;5;5;5;5;1;1;4;2;3;2;3;1;1;3;1;-99;2;3;5;5;5;5;5;5;5;5;5;5;5;5
367;1;20;1;6;2;2;1;3;4;2;1;0;5;5;5;5;5;5;4;4;3;1;4;4;3;4;4;3;1;5;4;4;4;5;5;5;5;5;5;5;5;4;5;5;5;5
667;1;20;1;2;1;2;1;1;6;0;3;0;5;5;5;5;3;5;3;3;2;1;2;2;3;4;3;3;1;2;3;3;4;3;3;3;3;3;4;4;3;3;5;4;5;5
48;1;19;1;1;1;2;1;1;4;6;4;6;5;5;5;5;4;-99;4;4;1;1;5;1;1;1;1;1;1;1;1;1;2;1;4;4;4;4;4;4;4;4;5;5;5;5
154;1;19;1;1;1;1;1;1;4;2;2;1;5;5;5;-99;5;5;5;5;2;1;3;2;2;2;2;1;1;1;2;3;3;2;5;5;5;5;5;5;5;5;5;5;5;5
207;1;19;1;1;1;1;1;1;2;1;1;1;5;5;5;5;5;5;5;5;2;1;1;1;1;1;1;1;1;1;1;1;1;1;5;5;5;5;5;5;5;-99;5;5;5;5
397;1;19;1;1;1;1;1;1;7;4;7;3;5;5;5;5;5;5;5;5;2;1;1;5;1;1;1;1;1;1;1;-99;1;1;5;5;5;5;5;5;5;5;5;5;5;5
423;1;19;1;2;3;4;2;4;4;3;2;1;5;5;5;5;5;5;5;5;1;1;1;1;1;1;1;1;1;2;1;1;1;1;5;5;5;5;5;5;5;5;5;5;5;5
501;1;19;1;3;2;-99;3;5;5;8;1;0;5;5;3;5;5;5;4;5;1;1;2;3;1;1;1;1;1;1;2;1;1;3;5;4;4;5;5;4;4;5;5;5;5;5
506;1;18;1;5;2;3;2;3;3;0;3;0;5;5;5;5;4;5;5;5;2;2;3;4;2;3;3;2;2;3;4;3;2;3;4;3;3;4;4;4;4;4;4;4;4;4
66;1;25;1;5;1;1;1;5;5;4;5;4;5;5;5;5;5;5;5;5;1;1;2;2;1;1;1;1;1;1;1;1;1;1;5;5;5;5;5;5;5;5;5;5;5;5
35;1;25;3;5;1;1;1;1;2;1;2;1;5;5;5;5;5;5;5;5;1;1;1;1;1;1;1;1;1;1;1;1;1;1;3;3;3;3;3;3;3;3;5;5;5;5
188;1;25;1;4;1;3;2;1;5;2;2;1;5;5;5;5;5;5;5;5;1;1;3;1;1;1;1;1;1;3;1;1;1;1;5;5;5;5;5;5;5;5;5;5;5;5
201;1;25;1;3;2;3;2;1;7;1;7;1;5;5;5;5;5;5;5;5;1;1;1;1;1;1;1;1;1;1;1;1;1;1;5;5;5;5;5;5;5;5;5;5;5;5
224;1;25;1;3;2;3;2;3;0;2;2;0;5;5;5;5;5;5;5;5;3;1;3;2;2;1;1;2;1;1;1;1;1;1;4;4;4;5;4;4;4;5;5;5;5;5
396;1;25;3;2;3;4;4;2;1;1;2;1;5;5;5;5;5;5;5;5;4;4;4;2;4;3;4;4;2;4;2;4;3;4;3;3;3;3;3;3;3;3;5;4;5;5
417;0;25;1;3;2;4;2;2;1;1;2;0;5;5;5;5;5;5;5;5;1;1;1;1;1;1;1;4;1;1;1;1;1;1;4;4;4;4;5;5;5;5;5;4;5;5
426;1;25;2;1;5;2;2;5;0;0;0;0;5;5;5;5;5;5;5;5;1;1;1;5;1;1;1;2;1;1;5;1;1;1;5;5;5;5;5;5;5;5;5;5;5;5
468;1;25;1;4;2;3;2;2;0;1;0;1;5;5;4;3;5;5;4;4;1;5;2;2;2;2;3;1;5;1;1;4;4;1;3;3;3;3;3;3;3;3;3;1;1;5
583;1;25;3;3;1;1;1;1;0;4;2;4;5;5;3;4;4;5;3;4;1;1;1;1;1;1;1;1;1;1;1;1;1;1;3;4;3;3;3;4;3;3;5;5;5;5
821;0;25;1;3;4;2;4;5;1;2;0;2;5;4;4;4;5;4;4;4;3;2;3;3;3;2;3;3;2;4;3;3;2;2;3;3;3;3;3;3;3;3;4;3;4;4
889;0;25;2;1;1;4;1;1;5;5;5;5;5;5;5;4;5;5;5;5;1;1;1;1;1;1;1;1;1;1;1;1;1;1;3;3;4;4;4;4;4;4;5;5;5;5
196;1;24;1;6;1;1;2;1;8;7;6;2;5;5;5;5;5;5;5;5;1;1;1;1;1;1;1;1;1;1;5;1;1;1;5;5;5;5;5;5;5;5;5;5;5;5
197;1;24;4;2;4;3;2;3;8;3;7;0;5;5;5;5;5;5;5;5;1;1;1;2;2;1;1;1;1;1;2;2;2;1;3;3;3;3;3;3;3;3;5;5;5;5
198;1;24;1;7;5;4;3;5;3;1;0;0;5;5;3;3;5;5;3;3;4;1;5;1;4;4;3;2;1;5;1;4;5;2;3;2;3;2;2;2;3;2;1;1;4;4
220;1;24;3;1;1;1;1;1;4;3;3;1;5;5;5;5;5;5;5;5;1;1;1;1;1;2;1;1;1;1;1;1;2;1;3;3;5;5;3;3;5;5;5;5;5;5
286;1;24;1;1;1;3;1;1;8;6;5;2;5;5;3;4;5;5;3;4;1;1;1;1;1;1;1;1;1;1;1;1;1;1;5;5;5;5;5;5;5;5;5;5;5;5
316;0;24;1;1;3;4;1;3;4;4;0;0;5;5;5;5;5;5;5;5;1;1;1;1;1;3;1;1;2;1;1;1;3;1;3;3;3;3;3;3;3;3;3;5;5;3
353;1;24;3;1;2;3;2;2;1;4;1;1;5;5;5;5;5;5;5;5;1;1;1;2;1;2;1;2;1;2;2;2;2;2;5;5;5;5;5;5;5;5;5;5;5;5
386;1;24;1;1;1;1;1;1;0;0;5;4;5;5;5;5;5;5;5;5;1;1;1;1;1;1;1;1;1;1;1;1;1;1;4;4;4;4;4;4;4;4;5;5;5;5
440;1;24;1;2;1;3;1;1;4;3;2;2;5;5;5;5;5;5;5;5;1;1;1;1;1;1;1;1;1;1;1;1;1;1;5;5;5;5;5;5;5;5;5;5;5;5
551;1;24;1;1;1;1;1;1;0;0;0;0;5;5;5;5;4;4;4;4;1;1;1;1;1;2;2;1;1;2;2;2;2;3;4;4;4;4;3;3;3;3;5;5;5;5
555;1;24;1;4;2;2;2;2;5;3;6;3;5;5;5;5;4;4;4;4;2;1;2;5;2;2;2;2;4;2;2;2;2;2;5;5;5;5;4;4;4;4;4;4;4;4
623;0;24;1;2;4;2;3;4;2;2;1;4;5;5;5;4;5;5;5;5;1;1;1;1;1;1;1;1;1;1;1;2;1;1;3;3;4;4;3;4;4;4;5;5;5;5
683;0;24;1;1;3;3;2;3;3;5;3;5;5;5;5;5;5;5;5;5;2;1;1;1;1;3;1;2;1;1;1;1;3;1;5;5;5;5;5;5;5;5;5;5;5;5
696;1;24;1;3;2;1;1;1;5;4;6;4;5;5;5;5;5;5;3;3;1;1;1;2;1;1;1;1;1;1;1;1;1;1;4;3;3;3;3;3;3;3;5;5;5;5
701;1;24;1;2;1;3;1;1;4;2;2;1;5;5;5;5;5;5;5;5;1;1;1;1;1;1;1;1;1;1;1;1;1;1;5;5;5;5;5;5;5;5;5;5;5;5
60;1;23;1;1;1;1;1;1;1;1;0;0;5;5;5;5;5;5;5;5;2;1;3;3;2;2;2;1;1;2;3;2;2;2;4;4;3;3;4;4;3;3;5;5;5;5
107;0;23;1;2;1;1;1;1;6;5;7;3;5;5;5;5;5;5;5;5;1;1;1;1;1;1;1;1;1;1;1;1;1;1;4;4;4;4;4;3;4;4;5;5;5;5
110;1;23;3;2;1;1;1;1;5;3;4;3;5;5;3;5;5;5;3;5;1;1;1;1;1;1;1;1;1;1;1;1;1;1;5;5;5;5;5;5;5;5;5;5;5;5
139;0;23;1;4;1;2;1;1;0;0;0;5;5;5;5;5;5;5;5;5;1;1;1;1;1;1;1;1;1;1;1;1;1;1;5;5;5;5;5;5;5;5;5;5;5;5
208;0;23;1;1;3;2;2;2;4;7;1;4;5;5;5;4;5;5;5;5;1;1;2;2;2;3;2;2;1;3;3;3;3;1;3;3;3;4;3;3;3;4;4;4;5;5
314;1;23;1;1;1;1;1;1;4;1;0;0;5;5;5;5;5;5;5;5;1;1;1;1;2;3;1;1;1;1;1;3;3;1;4;4;4;4;4;4;5;4;5;5;5;5
318;1;23;1;2;1;4;2;1;4;3;1;3;5;4;5;5;5;5;5;5;1;1;1;1;2;1;1;1;1;1;1;1;1;1;3;3;3;3;3;3;3;3;5;5;5;5
339;0;23;1;1;3;3;1;1;5;2;2;0;5;5;5;5;5;5;5;5;1;1;1;1;1;1;1;1;1;3;1;1;1;5;4;4;4;4;4;4;4;4;5;5;5;5
345;0;23;3;4;3;3;3;4;5;2;3;1;5;5;5;5;5;5;5;5;1;1;2;3;2;3;3;1;1;3;4;1;1;1;4;4;4;3;4;4;4;4;5;5;5;5
351;1;23;3;4;3;2;2;3;0;0;4;4;5;5;5;5;5;5;5;5;1;1;1;3;1;1;1;1;5;1;3;3;1;1;5;5;5;5;5;5;5;5;5;5;5;5
371;1;23;1;1;1;4;1;1;3;4;2;2;5;5;5;5;5;5;5;5;1;1;1;1;1;1;1;1;1;1;1;1;1;1;5;5;5;5;5;5;5;5;5;5;5;5
381;0;23;2;1;1;1;1;1;0;0;4;3;5;5;5;5;5;5;5;5;1;1;3;1;3;1;1;1;1;3;1;3;1;1;5;5;5;5;5;5;5;5;5;5;5;5
404;0;23;1;5;1;2;1;1;1;4;0;3;5;5;3;4;5;5;3;4;1;1;4;4;2;3;3;1;1;3;2;2;3;1;4;3;5;5;3;4;4;4;5;5;5;5
444;1;23;1;6;2;2;2;2;4;2;2;3;5;5;5;5;4;5;5;5;2;1;2;3;4;2;4;3;1;4;2;3;2;4;5;5;5;5;5;5;5;5;4;5;5;5
499;1;23;1;2;3;1;1;1;8;5;4;3;5;5;5;5;5;5;5;5;1;1;5;2;1;1;1;1;1;1;1;1;1;1;5;5;5;5;5;5;5;5;5;5;5;5
513;1;23;1;5;1;2;1;1;3;2;2;2;5;5;4;4;5;4;4;3;1;1;1;3;1;1;1;1;1;1;3;1;1;1;3;4;3;3;3;4;3;3;5;5;5;5
520;1;23;1;4;1;1;1;1;1;1;1;1;5;5;5;5;5;5;5;5;1;1;1;1;1;1;1;1;1;1;1;1;1;1;5;5;5;5;5;5;5;5;5;5;5;5
539;1;23;1;1;1;2;1;1;0;0;0;0;5;5;5;5;5;5;5;5;1;1;1;1;1;1;1;1;1;1;1;1;1;1;3;5;5;5;5;5;5;5;5;5;5;5
541;1;23;1;3;3;4;1;1;7;2;2;3;5;4;4;4;5;5;4;4;1;1;1;1;1;1;1;1;1;1;1;1;1;1;5;5;5;5;5;5;5;5;5;5;5;5
547;1;23;1;5;2;4;1;2;3;3;0;3;5;5;5;2;5;5;5;4;3;1;3;5;4;1;4;3;1;3;5;3;1;3;4;4;4;4;3;3;3;3;4;5;5;5
561;1;23;3;4;3;3;2;2;0;2;6;5;5;5;5;5;5;5;5;5;2;1;2;1;1;1;1;2;1;2;1;1;1;1;5;5;5;5;5;5;5;5;5;5;5;5
568;1;23;1;2;1;4;1;1;2;3;3;4;5;5;5;5;5;5;5;5;3;1;1;1;1;3;1;2;1;1;1;1;3;1;5;5;5;5;5;5;5;5;5;5;5;5
574;1;23;1;3;5;5;5;3;7;5;7;5;5;5;5;5;5;5;5;5;1;1;1;1;1;1;1;1;1;1;1;1;1;1;5;5;5;5;4;4;4;4;5;5;5;5
605;1;23;1;1;1;1;1;5;5;1;1;1;5;5;5;5;5;5;5;5;1;1;4;4;1;1;1;1;1;1;1;1;1;1;4;4;4;5;4;4;5;5;5;5;5;5
617;1;23;1;6;1;3;1;1;0;0;4;4;5;5;5;5;5;5;5;5;1;1;2;1;1;1;1;1;1;1;2;1;1;1;5;5;5;5;5;5;5;5;5;5;5;5
624;0;23;3;2;1;1;1;2;6;2;2;0;5;5;5;5;5;5;4;5;1;1;1;1;1;1;1;1;1;2;1;1;1;1;4;4;5;5;4;4;5;5;5;5;5;5
650;0;23;1;1;1;1;1;1;5;3;2;1;5;5;5;5;5;5;5;5;1;1;1;1;1;1;1;1;1;1;1;1;1;1;5;5;5;5;5;5;5;5;5;5;5;5
658;1;23;1;3;2;3;4;2;5;6;4;3;5;5;5;5;5;5;5;5;4;1;4;4;4;1;4;4;1;4;2;4;1;4;5;5;5;5;4;4;4;4;5;5;5;5
780;1;23;3;1;1;1;1;2;0;0;0;0;5;5;5;5;5;5;5;5;3;1;3;3;3;3;3;3;1;3;4;3;3;3;4;3;4;4;4;3;4;4;5;5;5;5
800;0;23;1;4;1;3;2;3;0;3;0;4;5;5;4;4;5;5;5;5;1;1;3;2;1;1;2;3;1;4;2;2;1;1;4;4;4;3;4;4;4;3;5;5;5;5
886;1;23;1;1;1;1;1;1;5;3;0;2;5;5;5;5;5;5;5;5;1;1;1;1;1;3;1;1;1;1;1;1;3;1;5;5;5;5;5;5;5;5;5;5;5;5
929;0;23;1;1;3;5;4;3;3;1;1;0;5;5;5;5;5;5;5;3;2;1;3;2;1;1;3;2;1;3;3;3;1;1;3;3;3;3;3;3;3;3;5;5;5;3
294;1;22;1;2;1;2;1;1;2;1;1;0;5;5;5;5;5;5;5;5;1;1;1;1;1;1;1;1;1;1;1;1;1;1;5;5;5;5;5;5;5;5;5;5;5;5
42;1;22;1;3;2;4;2;4;3;1;3;1;5;5;5;5;5;5;4;5;2;1;4;2;2;1;2;4;1;5;2;4;2;2;5;5;5;5;5;5;5;5;5;5;5;5
73;1;22;3;2;3;3;2;2;0;0;8;0;5;5;5;5;5;5;5;5;1;1;1;1;1;1;1;1;5;2;1;1;1;1;4;4;5;5;4;4;5;5;5;5;5;5
111;1;22;4;1;1;1;1;1;5;2;2;1;5;5;5;5;5;5;5;5;1;1;1;1;1;3;1;1;1;1;1;1;3;1;4;3;4;3;4;3;4;3;5;5;5;5
112;1;22;1;3;1;1;1;1;8;5;5;1;5;5;5;5;5;5;5;5;1;1;1;1;1;1;1;1;1;1;1;1;1;1;5;5;5;5;5;5;5;5;5;5;5;5
121;1;22;1;2;2;4;2;1;3;2;1;1;5;5;5;5;5;5;5;5;1;1;2;1;2;3;1;1;1;2;1;1;3;2;4;4;4;4;4;5;4;4;5;5;5;5
150;1;22;1;3;1;3;2;2;2;1;2;0;5;5;5;5;5;5;5;5;1;1;2;2;2;3;2;3;1;2;2;2;3;2;5;5;5;5;5;5;5;5;5;4;5;5
193;1;22;1;6;2;4;3;2;4;0;3;0;5;5;4;5;4;4;4;4;3;3;3;3;3;3;3;3;3;3;3;3;3;3;3;4;3;4;3;4;3;4;1;1;5;5
211;1;22;1;2;2;2;2;2;0;4;5;3;5;5;5;5;5;5;5;5;3;1;3;1;1;3;2;3;1;3;1;1;3;1;4;4;4;4;5;5;5;5;5;5;5;5
213;1;22;1;4;1;1;1;1;5;6;6;6;5;5;5;5;5;5;5;5;1;1;1;1;1;3;1;1;1;1;1;1;3;1;5;5;5;5;5;5;5;5;5;5;5;5
242;0;22;1;2;1;1;1;1;0;0;5;2;5;5;5;5;5;5;5;5;1;1;1;1;2;2;1;1;1;1;1;2;2;1;5;5;5;5;5;5;5;5;5;5;5;5
252;1;22;1;7;1;3;2;1;0;5;0;1;5;5;5;5;5;5;5;5;1;1;2;3;2;3;2;1;1;1;2;2;3;2;4;4;4;3;4;3;4;3;4;4;5;5
271;0;22;1;1;1;1;1;1;5;0;3;4;5;5;5;5;5;5;5;5;4;1;1;1;1;1;1;4;1;1;1;1;1;1;3;4;3;4;3;4;3;4;5;5;5;5
313;1;22;1;5;2;4;2;5;3;1;2;2;5;5;5;5;5;5;5;5;1;1;1;1;1;1;1;1;1;1;1;1;1;1;5;5;5;5;5;5;5;5;5;5;5;5
374;1;22;1;3;2;2;2;2;5;2;4;2;5;5;5;5;5;5;5;5;1;1;1;1;2;1;1;1;1;1;1;2;1;1;5;5;5;5;5;5;5;5;5;5;5;5
394;1;22;1;5;1;2;1;1;5;5;4;3;5;5;5;5;5;5;5;5;1;1;1;1;1;2;1;1;1;1;1;1;2;1;5;5;5;5;5;5;5;5;5;5;5;5
421;0;22;1;2;1;1;1;1;5;0;2;0;5;5;3;3;5;5;3;4;1;1;2;1;1;3;1;1;1;2;1;1;3;1;3;3;3;3;3;3;3;3;5;5;5;5
428;1;22;1;2;1;4;1;1;6;5;2;3;5;5;5;5;5;5;5;5;1;1;1;1;1;1;1;1;1;2;1;1;1;1;5;4;5;4;5;4;5;4;5;5;5;5
443;1;22;1;1;1;1;1;1;0;0;1;2;5;5;5;5;5;5;5;5;1;1;1;1;1;1;1;1;1;1;1;1;1;1;5;5;5;5;5;5;5;5;5;5;5;5
469;1;22;1;1;1;1;1;1;5;1;2;0;5;5;4;5;5;5;4;5;2;1;2;1;1;2;1;2;1;1;1;2;1;1;4;5;5;4;4;5;4;4;5;5;5;5
531;1;22;3;4;2;3;1;1;3;3;3;2;5;5;5;5;5;5;5;4;1;5;1;1;1;1;1;1;1;1;1;1;1;1;4;4;4;4;4;4;4;4;5;5;5;5
532;1;22;1;3;3;4;1;3;5;3;3;0;5;5;5;5;5;5;5;5;1;1;1;1;1;1;1;2;1;1;1;1;1;1;3;3;3;3;3;3;3;3;5;5;5;5
544;1;22;1;5;3;5;2;3;2;1;0;0;5;5;5;5;5;5;5;5;1;1;1;1;1;1;1;1;1;1;1;1;1;1;2;2;2;3;2;2;2;3;5;3;5;5
586;1;22;1;1;1;1;1;1;5;5;3;5;5;5;5;5;5;5;5;5;1;1;1;1;1;1;1;1;1;1;1;1;1;1;5;5;5;5;5;5;5;5;5;5;5;5
602;1;22;1;5;1;1;2;1;2;1;1;0;5;5;5;4;4;5;4;3;1;1;4;1;1;4;1;1;5;1;1;1;4;1;4;3;3;3;3;3;3;3;5;5;5;5
639;0;22;1;1;3;3;2;1;0;1;0;1;5;5;3;4;5;5;5;5;2;1;2;1;1;2;1;2;1;1;1;1;1;1;3;3;3;3;3;3;3;3;5;5;5;5
666;1;22;1;1;1;3;1;1;3;3;2;2;5;5;5;5;5;5;5;5;1;1;1;1;1;1;1;1;1;1;1;1;1;1;5;5;5;5;5;5;5;5;5;3;5;5
687;0;22;1;1;1;1;1;1;0;0;5;4;5;5;5;5;5;5;5;5;1;1;1;1;3;3;1;2;1;1;1;3;3;1;5;5;5;5;5;5;5;5;5;5;5;5
758;1;22;1;4;1;2;1;1;0;1;5;0;5;5;5;5;5;5;3;3;5;1;5;5;5;1;5;5;1;5;5;5;1;5;5;5;5;5;4;4;4;4;5;5;5;5
767;1;22;1;1;1;1;1;1;0;3;5;2;5;5;3;5;5;5;3;5;1;1;1;1;1;1;1;1;1;1;1;1;1;1;5;5;5;5;5;5;5;5;5;5;5;5
884;1;22;1;4;1;4;1;1;2;4;0;2;5;5;5;5;1;1;1;1;3;1;3;3;2;1;1;1;1;1;1;1;1;1;5;5;5;5;5;5;5;5;4;3;5;5
186;1;21;1;4;1;3;1;1;5;2;2;1;5;5;5;5;5;5;5;5;1;1;2;1;1;2;1;1;1;1;1;1;1;1;4;4;4;4;4;4;4;4;5;5;5;5
493;1;21;1;5;1;3;1;3;3;2;0;2;5;5;5;5;5;5;5;5;1;2;4;3;3;1;4;3;1;1;3;3;2;3;5;5;5;5;5;5;5;5;4;4;5;5
515;1;21;1;4;1;4;2;1;1;0;1;0;5;5;5;5;5;5;5;5;1;2;1;1;1;1;1;1;2;1;1;1;1;1;4;4;4;4;5;5;5;5;5;3;5;5
53;1;21;1;2;1;3;1;1;2;3;2;2;5;5;4;4;5;5;3;3;2;1;1;1;1;4;1;1;1;1;1;1;4;1;4;4;4;4;4;4;4;4;5;5;5;5
56;1;21;1;1;1;4;1;3;1;0;0;0;5;5;5;5;4;5;5;5;2;1;1;1;1;1;1;1;1;3;1;1;1;1;5;5;5;5;5;5;5;5;5;5;5;5
85;1;21;1;5;4;4;3;3;3;4;2;3;5;5;5;5;4;5;5;5;3;1;4;2;2;1;1;2;1;3;2;2;2;2;4;4;5;5;4;4;4;5;5;5;5;5
88;1;21;1;3;1;3;1;1;0;3;1;0;5;5;3;4;5;5;3;3;1;1;1;1;1;1;1;1;1;1;1;1;1;1;5;5;5;5;5;5;5;5;5;5;5;5
91;0;21;1;1;2;3;3;4;1;0;0;0;5;5;3;3;3;3;3;3;3;1;4;2;4;5;4;3;1;4;4;4;5;4;3;3;3;3;3;3;3;3;5;5;5;5
113;1;21;1;6;4;3;2;4;0;1;5;1;5;4;4;4;2;4;1;2;4;2;3;2;4;4;2;2;2;2;2;4;5;4;5;3;5;4;2;3;3;3;4;4;4;2
134;1;21;1;7;4;4;3;5;2;2;0;1;5;5;5;5;5;5;5;5;1;1;4;1;3;1;3;1;1;3;1;3;2;3;5;4;5;5;5;5;5;5;5;5;5;5
151;1;21;1;3;2;4;1;1;2;2;1;0;5;5;5;5;5;5;5;5;1;1;4;1;2;1;1;1;1;4;1;2;1;1;5;5;5;5;5;5;5;5;5;5;5;5
155;1;21;1;5;4;4;3;2;2;1;1;0;5;5;5;5;4;5;4;4;1;1;1;1;1;3;1;1;1;4;1;2;3;1;5;5;5;5;5;5;5;4;5;5;4;5
172;1;21;1;3;1;3;1;1;0;3;0;0;5;5;5;5;4;4;4;4;4;2;5;2;5;3;3;5;1;5;3;5;5;5;5;5;5;5;5;5;5;5;5;2;5;5
192;1;21;1;1;1;3;1;1;0;0;5;4;5;5;5;5;5;5;5;5;1;1;1;1;1;2;1;1;1;1;1;1;2;1;3;3;5;5;3;3;5;5;5;5;5;5
195;1;21;1;5;1;2;1;1;1;0;1;0;5;5;5;5;5;5;5;5;3;1;4;1;3;1;2;4;1;3;1;1;1;1;3;4;4;3;4;4;4;4;5;5;5;5
263;1;21;1;3;1;2;1;1;5;6;5;2;5;5;5;5;5;5;5;5;1;1;1;1;1;2;1;1;1;1;1;1;2;1;3;3;4;4;3;3;4;4;5;5;5;5
275;1;21;1;5;1;3;1;3;0;3;4;0;5;5;5;5;5;5;5;5;1;1;1;1;1;1;1;1;1;3;1;2;1;1;5;5;3;3;5;5;4;3;1;1;1;1
279;1;21;1;5;2;2;1;1;3;2;2;2;5;5;3;3;5;5;3;5;1;1;2;2;1;4;1;1;1;1;2;1;3;1;3;3;3;3;3;3;3;3;5;5;5;5
283;0;21;1;1;3;3;2;3;4;1;2;0;5;5;5;5;4;4;4;4;2;1;3;2;2;4;1;2;2;3;3;3;4;2;4;4;4;4;4;4;4;4;5;4;5;3
287;1;21;1;7;2;4;2;2;3;0;1;0;5;4;4;4;4;5;5;4;1;1;3;2;2;1;1;1;1;4;1;2;2;1;4;4;4;4;4;4;4;4;4;5;4;4
302;1;21;1;5;2;2;2;3;5;5;2;0;5;5;5;5;5;5;4;5;2;1;2;3;1;2;1;2;1;2;3;1;1;2;5;5;5;5;5;5;5;5;5;5;5;5
303;1;21;1;1;3;5;4;4;3;8;0;3;5;5;5;4;5;5;5;4;4;1;4;2;4;3;4;2;1;4;3;4;3;4;5;5;5;5;4;4;4;4;5;5;5;5
310;1;21;1;5;2;2;2;2;4;0;4;1;5;5;5;5;5;5;5;5;2;1;2;2;2;1;1;2;1;4;2;3;2;1;4;4;4;4;4;4;4;4;5;5;5;5
333;1;21;1;4;1;3;1;3;0;7;0;7;5;5;5;5;5;5;5;5;1;1;2;2;3;3;3;1;1;1;2;4;3;3;3;3;3;3;3;3;3;3;5;5;5;5
338;1;21;1;1;1;2;1;1;0;5;5;2;5;5;5;5;5;5;5;5;3;1;4;3;4;1;1;1;1;3;3;4;1;3;5;5;5;5;5;5;5;5;5;5;5;5
357;1;21;1;2;2;2;2;2;6;5;3;1;5;5;5;5;5;5;5;5;1;1;1;1;1;1;1;1;1;1;1;1;1;1;4;4;4;4;4;4;4;4;5;5;5;5
385;1;21;2;1;1;3;1;1;3;0;3;1;5;5;5;5;5;5;5;5;1;1;1;1;1;1;1;1;1;1;1;1;1;1;5;5;5;5;5;5;5;5;5;5;5;5
408;0;21;1;2;2;2;2;1;3;4;3;3;5;5;4;4;5;5;5;5;2;1;1;1;1;1;1;1;1;1;1;1;1;1;5;5;5;5;5;5;5;5;5;5;5;5
427;1;21;1;1;1;4;2;2;4;3;2;2;5;5;5;5;5;5;5;5;1;5;1;1;1;1;1;1;1;1;1;1;1;1;5;5;5;5;5;5;5;5;5;5;5;5
477;1;21;1;1;1;2;1;1;3;1;0;1;5;5;5;5;1;1;1;1;1;1;2;1;1;1;1;1;1;1;1;1;1;1;3;3;3;3;3;3;3;3;5;5;5;5
523;1;21;1;2;1;4;1;3;0;2;0;2;5;5;5;5;5;5;5;5;2;1;1;2;2;2;3;1;1;2;2;2;2;3;5;5;5;5;5;5;5;5;5;5;5;5
569;1;21;1;4;1;3;1;1;6;4;1;0;5;5;3;5;5;5;3;4;1;1;1;1;1;1;1;1;1;2;1;1;1;1;3;3;3;3;3;3;3;3;5;5;5;5
638;0;21;1;1;1;2;1;1;4;2;1;0;5;5;5;5;5;5;5;5;2;1;1;1;1;1;1;2;1;1;1;1;1;1;4;4;4;4;5;4;4;4;5;5;5;5
665;1;21;1;2;1;2;4;1;5;1;5;1;5;5;5;5;5;5;5;5;1;1;1;1;1;1;1;1;1;1;1;1;1;1;5;5;5;5;5;5;5;5;5;5;5;5
879;0;21;1;5;3;5;3;5;4;2;4;2;5;5;5;5;5;5;5;5;1;1;4;1;1;4;1;3;1;1;1;1;5;1;5;5;5;5;5;5;5;5;4;1;5;5
395;1;20;2;2;2;3;1;3;1;1;1;1;5;5;5;5;5;5;5;5;2;1;2;3;3;1;3;1;1;1;3;1;2;2;5;5;5;5;5;5;5;5;5;5;5;5
36;1;20;1;1;1;4;2;3;2;2;2;1;5;5;4;4;4;5;4;4;1;1;1;1;1;1;1;1;1;1;1;1;1;2;4;4;4;4;4;4;4;4;5;5;5;5
63;1;20;1;5;1;3;3;5;8;3;5;1;5;5;5;5;5;5;5;5;1;1;4;4;3;3;3;4;1;3;3;3;3;3;5;5;5;5;5;5;5;5;4;4;5;5
72;1;20;1;2;1;2;1;2;2;0;2;0;5;5;5;5;5;5;5;5;1;1;1;1;1;1;1;1;1;1;1;1;1;1;5;5;5;5;5;5;5;5;5;5;5;5
94;0;20;1;3;1;1;1;3;3;3;2;3;5;5;5;5;4;2;3;2;5;1;5;3;5;5;3;5;1;5;5;5;5;5;3;3;3;3;3;3;3;3;5;5;5;5
100;1;20;1;4;1;3;1;3;1;0;2;0;5;5;5;5;5;5;5;5;3;1;3;1;2;3;4;1;1;1;1;2;3;2;5;5;5;5;5;5;5;5;5;5;5;5
127;1;20;1;1;2;4;2;3;4;3;2;2;5;5;5;5;5;5;5;5;1;1;2;1;1;1;1;1;1;2;1;1;1;1;5;5;5;5;5;5;5;5;5;5;5;5
132;0;20;1;2;2;4;1;1;0;2;4;1;5;5;5;5;5;5;5;5;1;1;1;1;1;1;1;1;1;1;1;1;1;1;5;5;5;5;5;5;5;5;5;5;5;5
138;1;20;1;1;3;2;3;4;5;4;2;0;5;5;4;4;5;5;5;5;3;1;3;2;2;2;1;3;1;3;1;1;2;1;5;5;5;5;5;5;5;5;5;5;5;5
146;1;20;1;2;1;2;1;1;5;2;2;1;5;5;5;5;5;5;5;5;1;1;1;2;1;2;1;1;1;3;2;1;2;2;5;5;5;5;5;5;5;5;5;5;5;5
168;1;20;1;4;1;3;2;3;6;0;4;0;5;5;4;5;5;5;4;5;2;2;2;2;2;3;1;3;2;2;2;2;3;2;4;4;4;4;4;4;4;3;4;2;5;5
177;1;20;1;5;1;2;1;1;0;5;3;0;5;5;5;5;4;5;4;4;1;5;2;1;3;1;3;1;5;3;1;3;1;2;4;5;5;4;4;5;5;4;5;5;5;5
225;1;20;1;6;1;1;1;1;3;2;2;1;5;5;5;5;5;5;5;4;2;1;2;1;2;1;1;2;1;2;1;4;1;3;5;5;5;5;4;4;4;4;5;4;5;5
230;1;20;1;2;2;4;1;2;7;0;1;0;5;5;5;5;4;5;3;4;1;1;2;2;1;4;1;1;2;1;2;2;4;1;4;4;4;4;3;3;3;3;4;4;5;5
241;1;20;1;1;2;3;2;3;3;2;3;0;5;4;4;4;4;4;4;4;3;1;2;2;3;3;2;2;1;2;2;3;3;2;4;4;4;4;4;4;4;4;5;5;5;5
243;1;20;1;1;1;1;1;1;6;1;7;1;5;5;5;5;5;5;5;5;1;1;1;1;1;1;1;1;1;1;1;1;1;1;3;4;5;5;3;4;5;5;5;3;5;5
266;1;20;1;1;1;2;1;1;4;6;1;2;5;5;5;5;5;5;5;5;1;1;1;1;1;2;1;1;1;1;1;1;2;1;3;3;3;3;3;3;3;3;5;5;5;5
268;0;20;1;1;1;1;1;1;6;3;7;3;5;5;5;5;5;5;5;5;1;1;1;1;1;1;1;1;1;1;1;1;1;1;5;5;5;5;5;5;5;5;5;5;5;5
285;1;20;1;5;2;3;3;4;3;0;1;0;5;5;5;5;5;5;5;5;1;1;2;3;1;3;1;2;4;2;2;2;2;2;4;3;4;4;4;4;4;4;3;4;4;3
300;1;20;1;3;2;2;2;2;3;7;2;5;5;5;5;5;5;5;5;5;1;1;1;1;1;1;1;1;1;1;1;1;1;1;4;4;5;5;4;4;5;5;5;5;5;5
307;1;20;1;4;1;1;1;1;3;2;2;2;5;5;5;5;5;5;5;5;1;1;1;1;1;1;1;1;1;1;1;1;1;1;5;5;5;5;5;5;5;5;5;5;5;5
332;1;20;1;4;3;4;2;3;8;0;8;0;5;5;4;4;4;4;4;4;2;1;3;2;2;1;1;1;2;3;2;3;1;2;4;4;5;4;4;4;4;4;5;5;5;5
350;1;20;1;1;1;2;1;1;3;1;0;0;5;5;5;5;5;4;5;5;2;1;1;2;1;2;2;2;1;1;2;2;1;3;5;5;5;5;5;5;5;5;5;5;5;5
361;1;20;1;3;3;4;2;2;5;5;2;3;5;5;5;3;4;4;5;4;2;2;3;5;3;3;4;1;2;2;3;3;2;5;4;4;3;3;4;3;3;3;4;4;3;5
398;1;20;1;6;1;3;1;1;4;0;1;0;5;5;5;5;5;5;5;5;1;1;1;1;1;1;1;1;1;1;1;1;1;1;5;4;5;5;5;4;5;5;5;5;5;5
411;1;20;1;1;1;1;1;1;6;2;4;1;5;5;5;5;5;5;5;5;3;1;2;2;3;3;2;3;1;1;1;2;3;1;5;5;5;5;5;5;5;5;5;5;5;5
420;1;20;1;1;1;2;1;1;2;0;3;0;5;5;5;5;5;5;5;5;1;1;1;1;1;1;1;1;1;1;1;1;1;1;4;4;4;4;4;4;4;4;5;5;5;5
452;1;20;1;1;1;1;1;1;4;1;2;0;5;5;5;5;5;5;5;5;1;1;1;1;1;1;1;1;1;1;1;1;1;1;5;5;5;5;5;5;5;5;5;5;5;5
485;1;20;1;1;1;1;1;1;7;2;4;1;5;5;5;5;5;5;5;5;1;1;1;1;1;1;1;1;1;1;1;1;1;1;5;5;5;5;5;5;5;5;5;5;5;5
497;1;20;1;5;2;3;1;3;4;2;3;0;5;5;5;5;5;5;5;5;3;1;3;2;2;2;2;2;1;3;2;3;2;2;5;5;5;5;5;5;5;5;5;5;5;5
504;0;20;1;2;2;3;2;2;3;1;2;0;5;5;5;5;5;5;5;5;1;1;1;2;2;2;3;1;1;1;2;2;2;3;5;5;5;5;5;5;5;5;5;5;5;5
560;1;20;1;3;1;3;1;2;0;0;5;5;5;5;5;5;5;5;5;5;1;1;1;1;1;1;1;1;1;3;1;1;1;1;4;3;4;4;4;3;4;4;5;5;5;5
566;1;20;1;2;2;2;1;2;0;0;3;4;5;5;5;5;5;5;5;5;1;1;1;1;1;1;1;1;1;1;1;1;1;1;5;5;5;5;5;5;5;5;5;5;5;5
615;0;20;1;4;2;2;4;2;3;2;3;2;5;5;3;4;4;4;4;4;2;1;4;1;2;1;2;2;1;3;1;3;1;1;4;4;3;4;4;4;4;3;4;4;5;3
618;1;20;1;1;1;1;1;1;0;0;2;3;5;5;3;5;5;5;3;5;1;1;1;1;1;1;1;1;5;1;1;1;1;1;3;3;5;3;3;3;4;3;1;1;1;1
619;0;20;1;3;1;3;3;1;5;3;4;2;5;5;5;5;5;5;5;5;1;1;1;1;1;1;1;2;1;3;2;3;2;1;4;5;5;5;4;5;5;5;5;5;5;5
625;0;20;3;5;1;1;1;1;5;2;0;1;5;5;5;5;5;5;5;5;1;1;1;1;1;1;1;1;1;1;1;1;1;1;5;5;5;5;5;5;5;5;5;5;5;5
628;1;20;1;3;3;4;1;2;3;2;2;1;5;5;5;4;5;5;5;5;3;1;4;3;2;2;3;3;1;2;1;1;1;3;5;5;5;5;5;5;5;5;5;5;5;5
720;0;20;1;1;1;2;1;1;2;1;1;0;5;5;5;5;5;5;5;5;1;1;1;1;1;1;1;1;1;1;1;1;1;1;4;4;4;4;5;5;5;5;5;5;5;5
724;1;20;1;1;4;4;4;4;3;4;1;1;5;5;5;5;5;5;5;5;2;2;4;5;4;3;4;2;1;4;5;4;3;4;5;5;5;5;5;5;5;5;5;5;5;5
732;0;20;1;1;1;1;1;1;5;3;5;3;5;5;5;5;5;5;5;5;1;1;1;1;1;3;1;1;1;1;1;1;3;1;4;4;4;3;4;4;4;3;5;5;5;5
739;1;20;1;1;1;1;1;2;3;3;2;2;5;5;5;5;5;5;5;5;3;1;2;2;2;3;2;3;1;2;2;2;3;2;5;5;5;5;5;5;5;5;5;5;5;5
792;1;20;1;1;1;1;1;1;3;3;0;2;5;5;5;5;5;5;5;5;1;1;1;1;1;1;1;1;1;1;1;1;1;1;5;5;5;5;5;5;5;5;5;5;5;5
874;1;20;1;2;1;2;1;1;7;4;2;0;5;5;5;5;4;5;4;4;1;1;2;1;1;1;1;1;1;1;1;1;1;1;4;4;4;4;4;4;4;4;5;5;5;5
880;1;20;4;3;2;4;2;1;0;2;0;2;5;5;5;5;5;5;5;5;1;1;4;4;1;1;2;1;5;3;5;1;1;3;5;5;5;5;5;5;5;5;5;5;5;5
905;0;20;1;1;1;2;2;2;1;2;0;0;5;5;3;3;4;5;3;3;1;1;2;2;2;2;2;1;1;1;2;2;2;2;3;3;3;3;3;3;3;3;5;5;5;5
59;1;19;1;1;1;1;1;1;1;0;1;0;5;5;5;5;5;5;5;5;1;1;1;1;1;1;1;1;1;1;1;1;1;1;5;5;5;5;5;5;5;5;5;5;5;5
106;1;19;1;5;4;3;3;3;6;3;3;1;5;5;5;5;3;3;3;3;5;1;5;1;5;3;5;4;1;4;3;3;4;2;5;5;5;5;3;3;3;3;5;5;5;5
128;1;19;2;3;3;4;2;2;0;3;6;1;5;5;5;5;5;5;5;5;2;1;3;2;2;2;2;1;1;3;3;2;3;2;3;3;3;3;3;3;3;3;5;5;5;5
175;1;19;1;5;3;2;3;3;0;6;0;3;5;5;5;5;4;5;5;5;2;1;2;1;2;3;2;3;1;3;2;4;3;4;4;3;4;4;3;4;3;3;5;5;5;5
256;1;19;1;2;1;3;2;1;5;5;3;3;5;5;3;3;5;5;3;3;2;1;1;1;1;1;1;2;1;1;1;1;1;1;3;4;4;3;3;4;4;3;5;5;5;5
261;1;19;1;5;2;4;2;3;3;0;3;0;5;5;5;5;4;5;5;5;1;1;3;3;1;2;3;1;1;3;2;2;2;1;5;5;5;5;5;5;5;5;5;5;5;5
284;0;19;1;5;1;4;1;1;7;4;4;2;5;5;3;5;5;5;3;5;1;1;1;1;1;1;1;1;1;3;1;1;1;1;3;3;3;3;3;3;3;3;5;5;5;5
366;1;19;1;1;1;4;2;1;0;5;0;1;5;5;4;5;5;5;5;5;2;1;2;1;2;1;1;2;1;1;1;1;1;1;3;3;3;3;3;3;3;3;5;5;5;5
400;1;19;1;3;1;3;2;2;3;1;1;1;5;5;5;5;5;5;5;5;3;1;3;1;3;3;1;3;1;3;1;3;3;1;4;4;5;4;4;4;5;4;5;5;5;5
414;1;19;1;3;2;1;1;2;0;6;3;0;5;5;5;5;5;5;5;5;3;1;1;1;1;1;1;3;1;1;1;1;1;1;5;5;5;5;5;4;5;5;5;5;5;5
431;1;19;1;4;2;2;1;2;6;2;2;1;5;5;5;5;5;5;5;3;1;1;2;2;1;3;2;1;1;2;2;2;3;2;5;5;5;5;4;4;4;4;5;5;5;5
450;1;19;1;1;1;2;1;1;5;2;3;0;5;5;5;5;5;5;5;5;1;1;1;1;1;1;1;1;1;1;5;1;1;1;5;5;5;5;5;5;5;5;5;5;5;5
454;1;19;1;2;1;3;1;1;3;5;3;3;5;5;3;5;5;5;3;5;1;1;1;1;1;1;1;1;1;1;1;1;1;1;4;5;5;4;4;5;5;4;5;5;5;5
496;0;19;1;1;1;1;1;1;5;3;4;2;5;5;5;5;5;5;5;5;1;1;1;1;1;2;1;1;1;1;1;1;2;1;4;4;4;4;5;5;5;5;4;5;5;3
595;1;19;1;4;1;3;1;1;2;2;0;2;5;5;5;5;5;5;5;5;1;1;1;1;1;1;1;1;1;1;2;1;1;1;5;5;5;5;5;5;5;5;5;5;5;5
629;1;19;1;3;2;4;2;2;0;3;4;3;5;5;5;5;5;5;5;5;2;1;2;2;1;4;1;1;1;4;2;2;2;1;5;5;5;5;5;5;5;5;5;5;5;5
760;1;19;1;2;1;1;1;3;1;2;1;2;5;5;5;5;5;5;5;5;1;5;1;1;1;1;1;1;5;1;1;1;1;1;3;3;3;3;3;3;3;3;5;5;5;4
904;0;19;1;1;3;2;4;3;3;2;0;0;5;5;5;5;5;5;3;5;2;1;3;4;2;1;2;2;1;3;4;3;1;2;4;3;4;4;4;3;4;4;5;5;5;5
910;0;19;1;1;4;2;4;3;5;2;0;1;5;5;5;5;5;5;5;5;3;1;2;1;2;1;1;2;1;2;3;4;1;2;5;3;5;5;5;3;5;5;5;5;5;5
912;0;19;1;1;1;1;3;2;3;1;3;2;5;5;3;4;5;5;3;5;1;1;1;1;1;1;1;1;1;1;1;1;1;1;3;3;3;3;3;3;3;3;5;5;5;5
916;1;19;1;4;1;2;2;2;4;4;2;5;5;5;5;5;5;5;5;5;1;1;2;1;1;1;1;1;1;1;1;1;1;1;5;5;5;5;5;5;5;5;5;5;5;5
630;1;18;1;3;4;5;2;2;1;5;1;4;5;5;5;5;5;5;5;5;3;1;3;4;2;1;1;3;1;1;4;1;1;1;4;5;5;5;5;5;5;5;5;5;5;5
45;1;18;1;2;1;2;1;1;1;3;1;3;5;5;5;5;5;5;5;5;1;1;1;1;1;3;3;1;1;2;1;1;3;1;5;5;5;5;5;5;5;5;5;5;5;5
46;1;18;1;6;1;2;1;1;1;0;2;0;5;5;5;5;5;5;5;5;1;1;1;3;1;1;2;1;1;1;1;1;1;3;4;4;4;4;4;4;4;4;5;5;5;5
47;1;18;1;7;5;4;3;4;0;5;0;4;5;5;5;5;4;5;5;5;3;3;4;4;4;2;3;3;3;4;4;4;4;3;5;5;5;5;5;5;5;5;2;1;1;4
55;1;18;1;7;1;2;1;1;2;1;1;0;5;5;5;5;5;5;5;5;1;1;1;1;1;2;1;1;1;1;1;1;2;1;5;5;5;5;5;5;5;5;5;4;5;5
58;1;18;1;3;1;1;1;3;1;2;0;1;5;5;4;4;4;4;4;4;2;1;2;2;2;2;2;2;1;1;1;2;2;2;4;4;4;4;4;4;4;4;5;5;5;5
89;0;18;1;6;2;3;1;3;3;0;1;0;5;5;4;4;4;4;3;3;1;1;4;3;2;1;2;3;2;3;4;2;2;2;4;4;4;4;3;4;3;3;5;4;4;5
135;1;18;1;2;2;2;1;2;4;4;1;4;5;5;5;5;4;5;4;4;2;1;2;1;1;1;1;1;1;1;1;2;1;1;4;4;4;4;4;4;4;4;5;5;5;5
136;1;18;1;1;1;2;1;1;4;3;5;3;5;5;5;5;5;5;5;5;1;1;1;1;1;1;1;1;1;1;1;1;1;1;5;5;5;5;5;5;5;5;5;5;5;5
180;1;18;1;4;1;1;1;1;3;1;2;1;5;5;5;5;5;5;5;5;1;1;4;1;1;1;1;1;1;4;1;1;1;1;5;5;5;5;5;5;5;5;5;5;5;5
181;1;18;1;3;2;2;2;2;5;0;3;0;5;5;5;5;5;5;5;5;1;1;1;2;2;2;4;1;1;1;2;2;2;4;5;5;5;5;5;5;5;5;5;5;5;5
212;0;18;1;1;1;4;1;1;1;3;0;1;5;5;3;5;5;5;3;5;1;1;1;1;1;1;1;1;1;1;1;1;1;1;4;4;4;4;4;4;4;4;5;5;5;5
251;1;18;1;5;3;4;3;4;2;0;1;0;5;5;5;5;4;5;3;4;3;1;4;1;3;1;2;3;1;4;1;2;1;2;5;5;5;5;5;5;5;5;5;5;5;5
258;1;18;1;5;2;2;3;3;3;1;2;0;5;5;4;4;4;5;5;3;2;1;1;1;2;1;1;2;1;2;2;1;1;1;4;5;5;5;4;4;4;4;5;5;5;4
270;1;18;1;6;1;1;1;1;2;4;1;3;5;5;5;5;5;5;5;5;1;1;2;1;1;1;1;1;1;2;1;1;1;1;5;5;5;5;5;5;5;5;5;5;5;5
295;1;18;1;5;2;4;2;1;3;5;2;3;5;5;5;5;5;5;5;5;2;1;1;1;1;1;2;1;1;1;1;1;1;1;5;5;5;5;5;5;5;5;5;5;5;5
301;1;18;1;2;3;4;1;3;3;2;1;1;5;5;5;5;5;5;5;5;3;1;2;1;1;1;1;1;1;1;1;1;1;1;5;5;5;5;5;5;5;5;5;5;5;5
419;1;18;1;6;4;4;3;4;3;4;2;0;5;5;5;5;5;5;5;5;2;1;3;2;4;2;3;2;1;2;2;4;2;4;4;4;4;4;4;4;4;4;5;5;5;5
498;1;18;3;2;1;1;1;1;3;2;0;3;5;5;5;5;5;5;5;5;1;1;1;1;1;1;1;1;1;1;1;1;1;1;5;5;5;5;5;5;5;5;5;5;5;5
594;1;18;1;7;3;5;4;5;2;1;0;0;5;5;4;4;4;4;4;4;3;3;2;4;2;3;4;2;4;2;4;2;3;4;4;4;4;4;4;4;4;4;1;1;2;3
597;0;18;1;5;4;4;4;5;5;8;1;4;5;5;5;5;5;5;5;5;3;1;2;2;2;1;1;5;1;5;4;5;1;4;4;4;4;4;5;5;5;5;5;5;5;5
682;1;18;1;5;1;1;1;1;2;0;4;0;5;5;5;5;5;5;5;5;1;1;3;1;1;1;1;1;1;1;1;1;1;1;5;5;5;5;5;5;5;5;5;5;5;5
795;0;18;1;4;1;1;1;1;1;1;0;1;5;5;3;3;5;5;3;3;2;1;1;1;4;1;1;1;1;1;1;3;1;1;5;5;5;3;5;5;5;3;5;5;5;5
811;0;18;1;3;2;2;2;3;3;3;2;2;5;5;4;5;5;5;3;5;2;1;2;2;3;2;2;2;1;3;2;2;2;1;4;4;4;4;4;4;4;4;5;5;5;5
813;1;18;1;2;1;3;2;1;0;2;1;3;5;5;5;5;5;5;5;5;1;1;1;1;1;1;1;1;2;1;1;1;1;1;4;4;4;4;4;4;4;4;5;5;5;5
906;0;18;1;1;1;3;1;1;3;3;2;2;5;5;5;5;5;5;5;5;2;1;1;1;2;1;1;1;1;1;1;2;1;1;3;3;3;5;3;3;3;5;5;5;5;5
530;1;2;1;5;1;5;1;5;5;2;1;0;5;5;5;4;5;5;5;4;3;1;5;2;4;1;1;3;1;4;1;2;1;1;5;4;3;3;5;3;3;3;5;2;5;5