id,idcntry,mat,len,cie,dep,rur,sex,age,edm,edp,s01,s02,s03,s04,s05,s06,s07,b01,b02,b03,b04,b05,b06,b07,b08,bok,am1,am2,am3,as1,as2,as3,re1,re2,re3,re4,re5,re6,re7,ma1,ma2,ma3,ma4,i01,i02,i03,i04,i05,i06,i07,i08,i09,i10,i11,i12,rep,v01,v02,v03,v04,v05,v06
15260890123,152,836.438130653331,779.08528795854,817.750191520322,1,0,1,12,NA,NA,1,1,1,1,1,1,1,2,3,3,1,1,0,2,1,6,2,3,1,2,1,1,3,3,2,2,3,3,2,3,3,3,1,3,2,2,2,3,2,2,2,2,2,2,2,1,0,0,0,0,0,0
15260880103,152,819.87905389442,819.979720118117,849.039821652269,1,0,0,12,6,6,1,1,1,0,0,1,1,2,3,2,1,1,1,1,2,6,NA,2,2,2,2,1,1,3,3,3,3,3,3,2,2,3,2,3,3,3,3,3,2,3,3,3,3,3,3,1,0,0,0,1,0,0
15260120126,152,879.536648597864,885.855040893083,840.774958028732,0,0,1,12,3,4,1,1,1,1,1,0,1,2,1,0,1,1,3,0,1,2,2,2,3,1,2,1,2,2,2,2,1,2,2,3,3,2,2,1,2,3,2,2,2,2,1,2,1,2,3,1,1,0,1,1,0,0
15261920109,152,851.457066759533,789.787448899724,805.021852741926,1,1,0,12,3,2,1,1,1,0,1,1,1,3,3,2,1,1,3,0,1,6,2,3,2,1,1,1,3,3,3,3,3,3,3,3,3,3,2,3,3,3,3,3,3,2,3,3,3,3,3,1,0,0,0,0,0,0
15240850201,152,743.275791584459,605.940340639263,541.793585145046,0,1,0,12,NA,3,1,1,1,0,1,0,0,2,1,1,1,1,0,0,1,2,3,2,3,2,2,1,2,3,3,1,1,1,2,2,2,3,3,1,1,2,1,2,2,2,2,2,2,2,2,1,0,0,0,0,0,0
15261410118,152,803.576182068136,769.305214794915,833.83942197695,1,0,0,12,6,6,1,1,1,0,1,0,1,3,2,2,1,1,3,1,0,5,3,3,2,1,2,1,2,3,3,3,2,2,3,3,3,3,2,2,2,3,2,2,1,3,2,2,2,3,3,1,0,0,0,0,0,0
15261560222,152,662.61459751595,886.147151392184,815.871220868558,1,0,1,13,5,6,1,1,1,0,1,0,1,3,3,2,1,1,3,0,3,6,3,3,2,1,1,1,3,3,3,3,3,3,3,3,3,3,3,3,3,3,3,3,2,3,3,3,3,3,3,2,0,0,0,0,0,0
15230040307,152,843.133871845209,792.333010542342,749.224327285214,1,0,1,12,5,5,1,1,1,1,1,1,NA,3,NA,3,3,1,0,3,3,6,3,2,1,1,2,1,1,2,3,2,3,3,3,3,3,3,3,2,1,2,3,3,3,3,2,2,1,2,3,1,0,0,0,0,0,0
15260590102,152,821.042100412233,740.260577341231,793.59660449715,0,1,0,12,NA,2,1,1,0,0,1,0,0,2,1,1,1,1,2,2,0,3,2,3,2,2,1,2,3,3,3,3,2,3,3,3,3,3,1,3,1,3,3,3,2,3,3,3,3,3,2,1,0,0,0,1,0,0
15260940125,152,723.520659555658,791.599892435478,696.038706087208,1,0,1,13,6,6,1,1,0,1,1,1,1,3,2,2,1,2,0,3,3,6,3,3,2,2,1,2,3,2,3,2,3,2,2,3,3,3,2,3,3,2,3,2,3,3,3,3,2,3,2,1,0,1,0,0,1,0
15260670108,152,686.740441175146,660.792962513479,608.659300876929,0,1,1,12,2,2,1,1,1,1,1,1,0,2,1,1,1,1,1,2,2,6,2,2,3,1,1,1,3,3,3,3,3,3,3,3,3,3,2,3,1,3,3,3,3,2,3,3,3,3,2,2,0,0,0,0,0,0
15261760243,152,760.733568159889,824.283531453676,716.556646935781,1,0,1,12,5,4,1,1,1,0,1,0,1,1,0,1,1,1,1,1,1,6,2,2,1,2,2,1,1,2,1,1,2,2,1,2,3,2,2,2,2,1,1,2,1,2,2,2,2,2,2,1,0,0,0,0,0,0
15261660215,152,728.898184803912,792.333010542342,833.543125254815,1,0,1,12,3,3,1,1,1,1,1,1,0,3,2,2,1,1,2,1,1,2,2,2,1,1,1,1,3,3,3,2,2,3,3,3,3,2,2,1,2,3,2,3,2,2,3,2,3,2,3,1,0,0,0,0,0,0
15261290402,152,743.275791584459,861.259759448302,724.630357094242,1,0,1,12,6,6,1,1,1,1,1,1,1,3,3,1,1,1,0,3,1,5,3,2,2,1,2,1,1,1,1,1,1,3,2,3,3,3,2,2,2,3,2,2,1,3,2,2,2,2,2,1,0,0,0,0,0,0
15260150125,152,746.248758836519,677.806523511597,646.65924211913,0,0,0,13,3,4,1,1,1,1,1,1,1,3,2,1,1,1,0,3,1,5,2,3,1,1,1,1,3,3,3,3,3,3,3,3,3,3,1,2,2,3,2,2,3,3,2,2,2,2,3,2,1,1,1,1,1,1
15261290416,152,879.536648597864,858.040399938525,840.774958028732,1,0,1,12,6,6,1,1,1,1,1,1,1,1,2,1,1,1,0,2,2,6,3,2,3,1,2,1,2,2,3,2,2,2,3,3,3,3,3,2,1,2,3,2,2,3,1,2,2,2,2,1,1,0,0,1,0,0
15260980103,152,1086.1702998813,840.254449590615,877.247556556286,1,0,1,12,5,5,1,1,1,0,1,1,1,3,1,3,3,1,1,3,2,6,3,3,1,1,1,1,2,1,1,2,3,2,2,3,3,3,2,3,3,2,3,2,2,2,2,3,2,2,3,1,0,0,0,0,1,0
15260270209,152,617.636562016965,493.941003645962,664.221162044796,0,0,0,12,6,6,1,1,1,0,0,1,1,1,0,1,3,2,1,2,1,4,2,3,2,1,1,1,3,3,3,3,3,3,3,3,3,3,3,3,3,3,3,3,3,3,3,3,3,3,3,1,0,0,0,1,0,1
15261740304,152,916.031434716938,1088.93500984238,870.440909638896,1,0,0,12,4,4,1,1,1,1,1,1,1,3,1,2,1,1,0,3,1,6,2,2,1,1,1,1,2,1,3,3,2,3,3,3,3,3,2,3,3,3,3,2,2,3,1,3,3,3,3,1,0,0,0,0,0,0
15260310105,152,825.863996733009,774.412789467286,749.224327285214,0,0,1,12,4,6,1,1,1,0,0,0,1,2,1,1,1,1,1,0,1,4,2,2,1,1,2,1,2,1,2,1,1,1,1,3,3,2,1,1,2,2,1,1,2,3,1,2,1,2,3,1,0,0,0,0,0,0
15261300116,152,712.447327036874,791.599892435478,711.655407960354,1,1,0,12,6,5,1,1,1,1,1,1,1,3,2,3,1,1,0,3,3,6,2,3,2,1,2,1,3,3,2,3,3,3,2,3,2,2,3,3,3,3,3,2,2,2,3,3,3,2,1,1,0,0,0,0,1,1
15241170119,152,977.910619732117,897.252014371893,783.38611365402,1,0,0,12,NA,NA,1,1,1,1,1,1,1,3,3,3,1,1,0,3,2,6,3,2,1,1,2,1,2,3,2,2,3,3,2,3,3,3,1,3,3,3,2,2,3,2,3,3,2,3,3,1,0,0,0,0,0,0
15260630110,152,839.160701696823,771.440359779417,833.83942197695,0,1,0,12,NA,2,1,1,1,1,1,1,1,3,3,2,2,1,1,2,0,3,2,3,3,2,2,1,2,2,3,2,2,2,3,3,2,3,3,3,2,2,3,3,2,3,2,2,1,2,2,1,0,0,0,1,0,0
15261470101,152,568.563424902677,605.940340639263,654.543615895988,1,0,0,12,NA,6,1,1,0,1,1,0,0,2,1,2,1,1,0,0,0,4,3,2,1,1,1,1,2,2,3,3,3,2,2,3,2,2,2,3,3,3,2,3,2,2,1,2,2,2,2,1,0,0,0,0,0,0
15260770122,152,799.820972702492,880.474156220866,730.865360950977,0,1,1,12,2,2,1,1,0,0,1,1,1,3,NA,1,1,1,3,2,1,3,2,2,2,1,2,2,3,2,2,2,2,2,2,3,2,2,2,2,2,2,2,3,2,2,2,2,2,3,3,1,0,0,0,0,0,0
15261090219,152,966.020818864017,858.040399938525,1042.1072331922,1,0,1,12,5,5,1,1,1,1,1,1,1,3,NA,2,2,1,1,3,2,6,3,3,2,1,1,1,2,2,2,1,2,3,3,3,3,2,3,1,3,3,3,2,2,3,2,3,3,1,3,1,0,0,0,0,0,0
15261510114,152,792.492246086554,857.424671279448,724.186395252544,1,0,1,12,3,3,1,1,1,0,1,1,1,2,1,1,1,0,3,0,0,5,2,2,2,1,1,1,3,3,3,3,3,3,3,3,3,3,2,2,2,2,3,3,2,2,3,3,3,3,3,1,0,0,0,0,0,0
15261280316,152,780.661072230014,763.331321493914,711.655407960354,1,0,1,12,6,6,1,1,1,1,1,1,1,2,2,2,1,1,1,2,3,6,NA,1,1,2,3,2,3,3,3,2,3,2,3,3,3,2,2,2,2,3,1,2,1,3,2,1,1,3,3,1,0,1,0,0,0,1
15261720223,152,977.263164611143,885.855040893083,841.20973212991,1,0,1,12,5,6,1,1,1,1,1,1,1,3,3,3,2,1,3,1,1,3,3,2,2,1,1,1,3,3,3,3,3,3,3,3,3,3,3,2,3,3,3,3,3,2,3,3,3,3,3,1,0,0,0,0,0,0
15260200109,152,760.733568159889,787.895636127489,699.967567110936,0,0,1,12,2,NA,1,1,0,1,0,0,1,3,2,2,1,1,3,0,0,6,2,2,2,2,2,2,2,2,2,2,2,2,2,3,2,3,3,2,2,1,2,2,1,2,2,2,2,2,2,1,0,0,0,0,0,0
15261320104,152,669.315890989793,673.866863289994,715.91883067435,1,0,0,12,2,2,1,1,1,0,1,0,1,3,1,1,1,1,0,0,2,6,2,2,2,2,1,1,3,3,3,2,2,3,2,2,3,3,2,2,2,3,3,2,3,2,2,2,2,3,2,1,0,0,0,0,0,0
15260180220,152,696.479553042866,811.726714003948,798.742579493849,0,0,0,12,5,6,1,1,1,1,1,1,0,3,2,3,1,1,NA,3,1,3,2,3,2,1,1,1,3,3,3,3,3,3,3,3,3,3,2,3,2,2,3,3,3,2,2,3,2,1,2,2,0,0,0,0,0,0
15260150110,152,703.730029578287,686.884228713883,696.076945443166,0,0,0,12,NA,2,1,1,1,0,1,0,1,2,1,1,1,1,1,2,1,5,2,2,2,2,1,1,3,3,3,2,3,3,3,3,3,3,3,3,3,2,2,3,3,2,3,3,2,2,3,1,0,0,0,0,0,0
15261080218,152,828.651924839791,697.194336906713,824.852634341359,1,0,1,12,5,5,1,1,1,1,1,1,1,2,1,3,2,1,NA,NA,2,6,3,2,1,1,2,1,2,1,2,2,3,3,3,NA,2,2,3,2,1,2,3,3,2,3,2,3,2,NA,NA,1,0,0,0,0,0,0
15260130136,152,692.268326542332,501.974767079028,663.723741187988,0,0,1,13,3,2,1,1,1,1,0,0,1,1,0,1,1,1,2,0,0,5,3,2,2,2,2,1,2,2,2,2,2,2,2,2,2,2,2,2,1,2,2,2,2,1,2,2,2,2,2,3,0,0,0,0,0,0
15260360204,152,754.693126603347,734.159620207333,730.865360950977,0,0,0,12,2,2,1,1,1,1,1,1,1,2,1,1,1,2,0,2,1,3,2,2,2,1,1,1,3,3,3,3,3,3,3,3,3,3,2,3,1,3,3,3,2,2,2,3,3,3,3,1,1,0,1,0,0,0
15260820136,152,758.481775739456,833.132483220304,824.852634341359,0,1,1,12,2,6,1,1,1,0,0,0,1,3,2,1,1,1,3,2,2,6,3,2,3,1,1,1,3,3,3,3,3,3,3,3,3,3,3,3,2,3,3,3,2,2,3,2,3,3,2,1,0,0,0,0,0,0
15261550111,152,695.410281742729,829.873710286403,753.317023249181,1,0,1,13,4,3,1,1,1,1,1,1,1,3,2,2,1,1,1,2,2,3,2,3,1,1,2,1,3,2,3,2,3,2,3,3,3,2,1,2,3,2,3,2,3,2,3,2,3,3,2,1,0,1,0,0,1,0
15261750331,152,736.928548663219,740.260577341231,793.59660449715,1,0,1,12,6,6,1,1,0,1,1,1,1,3,3,3,1,1,0,3,2,6,3,2,1,2,2,2,1,1,1,1,2,2,1,1,1,2,2,1,2,2,1,1,1,2,1,1,2,1,3,1,0,0,0,0,0,0
15260820101,152,703.730029578287,819.979720118117,754.755959887372,0,1,1,12,2,2,1,1,0,0,1,1,1,3,1,1,1,1,2,3,0,5,3,2,2,1,2,2,3,3,3,2,2,3,3,3,3,3,2,3,2,3,3,3,3,2,2,3,3,2,2,1,0,0,0,0,0,0
15261460119,152,694.450952545372,726.518530377495,664.221162044796,1,0,1,14,NA,NA,1,1,1,1,1,1,1,2,2,1,1,1,1,1,2,3,3,2,3,1,2,1,3,3,3,2,2,2,2,2,3,3,3,2,3,3,3,2,1,2,2,1,2,2,3,3,0,0,1,1,1,1
15260280130,152,641.82099337517,759.400762135943,753.317023249181,0,0,0,12,NA,NA,1,1,1,0,1,1,1,3,2,1,1,1,1,3,1,6,3,2,2,1,1,1,2,3,3,3,3,3,3,3,3,3,2,3,3,3,3,3,2,2,3,3,3,3,3,1,0,0,0,0,0,0
15260260136,152,825.863996733009,805.359816580475,699.967567110936,0,0,1,12,3,3,1,1,1,1,1,1,1,2,1,1,1,1,1,0,0,4,2,3,2,2,2,2,2,3,3,2,3,3,2,3,3,3,2,2,1,3,3,3,2,2,2,2,1,3,2,1,0,0,0,0,0,0
15261750323,152,880.048283566667,869.013854639774,891.776101262241,1,0,1,12,NA,NA,1,1,1,1,1,1,1,3,2,1,1,1,0,3,2,6,3,2,2,1,1,1,3,3,3,3,3,3,2,3,3,3,2,2,3,3,3,3,2,NA,2,2,3,2,3,1,0,0,0,0,0,0
15260780129,152,720.416838815629,819.979720118117,735.419712752912,0,1,1,11,1,2,1,0,1,0,0,1,0,0,1,2,1,1,3,0,0,6,2,2,1,1,1,1,3,3,2,2,2,2,3,3,3,3,3,3,1,3,3,2,2,2,2,1,2,2,3,1,0,0,0,0,0,0
15260280121,152,769.889329752686,723.963949505516,675.696447191491,0,0,1,12,3,3,1,1,1,0,1,0,0,1,1,0,1,1,0,0,1,2,2,3,1,1,1,1,3,3,3,3,2,2,2,3,3,3,3,3,2,2,3,3,3,2,3,3,3,3,3,1,1,1,0,1,0,0
15261110109,152,786.576629165057,810.175991931238,774.09406277467,1,0,1,12,6,6,1,1,1,0,1,1,0,3,2,1,2,1,0,3,2,6,3,2,1,1,1,1,1,2,2,2,3,2,2,3,3,2,3,3,2,2,3,3,2,2,3,1,3,2,3,1,0,0,0,0,0,0
15230010121,152,690.341668953899,551.697882718171,600.385326977151,0,0,1,15,6,6,1,1,1,1,1,1,0,3,2,3,1,1,NA,NA,0,5,2,2,2,2,2,1,3,3,3,3,2,3,3,3,3,3,2,3,3,3,3,3,3,3,3,3,2,2,2,3,NA,NA,NA,NA,NA,NA
15260880111,152,817.002471806403,834.710937142608,795.69693553946,1,0,1,12,5,5,1,1,1,1,1,1,1,3,3,3,2,2,0,3,2,6,2,3,2,2,3,2,3,3,2,2,3,3,3,2,NA,3,2,2,3,2,3,2,3,2,2,3,3,2,2,1,0,0,0,0,0,0
15261060205,152,916.031434716938,922.415352957761,803.765730168858,1,0,1,13,4,4,1,1,1,1,1,1,1,2,3,3,1,1,0,3,3,6,2,3,2,1,1,2,1,3,3,2,2,2,3,3,3,3,2,3,2,3,3,3,1,2,2,2,3,2,3,1,0,0,0,0,0,0
15261620138,152,676.921933592745,740.260577341231,805.021852741926,1,0,1,12,6,6,1,1,0,0,0,1,1,2,3,1,1,1,3,2,1,4,2,2,2,2,1,1,2,2,3,3,2,3,3,3,3,3,2,3,3,1,3,3,3,2,2,2,2,3,2,1,0,0,0,0,0,0
15260380307,152,894.930726172746,834.710937142608,862.43115157821,0,0,0,12,NA,2,1,1,1,1,1,1,1,3,2,2,1,1,1,2,1,4,2,3,1,1,1,1,3,3,3,3,3,3,3,3,3,3,2,3,3,3,3,3,2,3,3,3,3,2,2,1,0,0,0,0,0,0
15260580108,152,640.185352679978,771.520866736981,803.765730168858,0,1,0,12,3,2,1,1,1,0,1,1,1,1,1,2,3,2,2,3,1,5,2,2,2,1,1,1,2,1,2,3,3,2,3,3,2,3,1,2,2,2,2,2,2,2,2,2,3,3,3,1,0,0,0,0,0,0
15260100115,152,880.048283566667,897.252014371893,749.224327285214,0,0,1,12,2,2,1,1,1,0,0,0,1,3,1,0,2,1,3,1,1,4,2,2,3,1,1,1,3,3,3,3,3,3,3,3,3,3,1,3,3,3,3,3,3,2,3,3,3,3,3,1,0,0,0,0,0,0
15260060109,152,758.772746464551,673.866863289994,570.654690811188,0,0,0,12,NA,6,1,1,1,0,1,0,1,3,3,0,2,2,3,1,2,5,3,2,2,2,2,2,2,3,2,2,2,2,2,3,3,2,3,2,2,2,2,3,1,3,2,2,2,2,2,1,1,0,0,1,0,0
15230040312,152,712.447327036874,744.68371254908,668.982344976937,1,0,1,12,5,5,1,1,1,1,1,1,1,2,3,2,2,1,2,2,2,6,2,3,NA,2,2,2,3,2,3,3,3,2,2,3,3,3,1,3,3,3,3,2,3,2,2,3,3,2,3,1,0,0,0,0,0,0
15261360123,152,1150,897.252014371893,938.073104651261,1,0,0,12,3,5,1,1,1,0,1,1,1,3,2,1,1,1,0,3,2,5,3,2,2,1,1,1,3,2,3,2,3,3,3,3,3,3,2,2,2,2,3,2,3,2,2,3,3,2,2,1,0,0,0,1,0,0
15261600217,152,678.080195869449,763.331321493914,571.508930465072,1,0,0,12,3,3,1,1,1,1,1,1,1,3,1,2,1,1,0,3,0,4,2,2,2,2,1,1,1,3,3,2,2,2,2,2,2,3,2,2,2,2,3,2,2,3,2,2,2,2,2,1,0,0,0,0,0,0
15261120227,152,760.733568159889,787.895636127489,913.876239201983,1,0,1,12,4,6,1,1,0,1,1,1,1,3,1,3,2,0,3,1,NA,5,2,2,1,1,1,1,2,2,1,1,2,3,2,3,3,3,2,2,2,1,2,1,3,3,2,1,2,3,2,1,0,0,0,0,0,1
15241180104,152,953.681304580454,814.312289019227,862.43115157821,1,0,0,12,5,5,1,1,1,1,1,1,1,3,2,3,1,1,0,3,2,6,2,2,2,1,2,1,2,2,2,2,2,2,2,2,3,3,2,2,2,3,3,3,2,2,2,2,2,2,3,1,0,0,0,1,0,0
15261620113,152,736.928548663219,840.254449590615,754.755959887372,1,0,0,12,3,3,1,1,1,0,1,1,1,2,1,1,1,1,1,2,1,6,3,3,1,1,1,1,2,3,3,2,3,3,3,3,2,2,2,3,3,3,3,1,3,3,3,3,3,3,3,1,0,0,0,0,0,0
15261430108,152,621.545134680542,698.831227300814,467.652971647942,1,0,0,12,NA,NA,1,1,0,1,1,1,1,3,3,2,1,1,0,3,2,1,2,2,2,2,2,3,2,2,3,2,1,1,2,2,2,2,3,2,2,2,2,3,3,2,3,2,2,2,3,1,0,0,0,0,0,0
15261880126,152,763.303074123821,921.2830252568,920.501348268822,1,1,1,13,3,1,1,1,1,1,1,0,1,2,1,1,1,1,1,2,0,5,3,2,2,1,1,1,2,3,3,3,3,3,3,3,3,3,1,3,2,3,3,3,2,3,2,3,2,3,3,1,0,0,0,0,0,0
15261580228,152,708.904429015375,671.774278450193,956.142027903091,1,0,0,13,NA,NA,1,1,0,0,1,1,0,3,3,1,1,1,0,3,1,3,2,2,NA,2,1,1,1,1,2,2,2,1,2,2,2,1,2,2,NA,3,3,3,3,3,3,3,3,3,3,1,0,0,0,0,0,0
15260120106,152,743.275791584459,769.305214794915,744.345111642711,0,0,0,12,3,3,1,1,1,1,1,1,1,3,3,3,2,1,3,3,0,6,3,2,3,1,1,1,2,1,1,1,2,3,1,3,3,2,3,3,2,3,2,1,2,2,1,1,2,2,2,1,0,0,0,0,0,0
15260280117,152,707.255707631048,703.719781387979,696.038706087208,0,0,1,12,6,3,1,1,1,NA,1,NA,NA,3,2,1,2,2,0,3,0,5,3,2,2,1,1,1,3,2,3,3,3,3,2,3,3,3,2,2,1,3,3,3,3,3,2,3,2,2,3,1,0,0,0,0,0,0
15261130213,152,916.031434716938,933.044130210279,763.468318954096,1,0,0,12,5,5,1,1,0,1,1,1,1,3,3,2,3,1,0,3,3,5,3,2,2,1,1,1,1,1,1,2,1,3,2,1,3,2,3,3,1,2,3,1,1,2,1,3,1,1,3,1,0,0,0,0,0,0
15260400103,152,711.244424554565,801.737921106328,664.221162044796,0,1,1,12,2,2,1,0,0,0,0,0,0,1,1,0,0,1,3,0,3,2,2,3,1,1,1,1,1,3,3,3,3,3,3,3,3,3,1,3,3,3,3,3,3,2,3,3,3,3,3,1,0,0,0,0,0,0
15260180203,152,741.891939640531,671.774278450193,663.723741187988,0,0,0,11,NA,NA,1,1,0,1,1,1,1,2,1,2,1,1,0,3,1,4,2,1,3,2,1,1,1,3,3,3,3,3,3,3,3,3,2,2,2,3,3,3,2,2,2,2,2,3,3,1,0,1,0,1,0,1
15260780124,152,658.462980198051,789.787448899724,805.021852741926,0,1,0,12,2,3,1,1,1,0,1,1,1,2,1,2,1,1,0,2,0,3,3,2,2,1,1,1,3,3,3,3,2,3,2,3,2,3,3,3,1,3,2,2,2,2,3,2,2,3,3,1,0,0,0,0,1,1
15260890121,152,867.962186666611,789.787448899724,899.109955495348,1,0,1,13,4,4,1,1,1,1,1,1,1,2,3,2,1,1,0,3,1,3,2,2,2,1,1,1,3,3,3,3,3,3,3,3,2,2,3,2,3,3,3,3,2,2,2,3,3,2,2,1,0,0,0,0,0,0
15260860209,152,720.416838815629,673.866863289994,833.83942197695,0,1,0,13,6,3,1,1,1,1,1,0,1,3,2,1,1,1,3,0,1,2,2,3,2,1,1,1,3,3,3,3,3,3,3,3,3,3,2,3,3,3,3,3,2,2,3,3,3,3,3,2,0,0,0,0,0,0
15260920107,152,1150,1088.93500984238,956.142027903091,1,0,1,12,4,5,1,1,1,1,1,1,1,3,2,3,2,1,2,3,3,6,2,3,1,1,2,1,3,3,3,3,3,3,3,3,3,3,1,3,3,2,3,3,2,2,2,2,3,1,2,1,0,0,0,0,0,0
15261550114,152,924.402929010597,771.440359779417,900.930870374094,1,0,1,11,3,6,1,1,1,0,1,0,1,3,2,1,1,1,2,3,0,6,2,3,1,2,2,1,3,3,2,3,2,3,3,3,3,3,1,3,2,3,2,3,2,2,2,2,2,3,3,1,0,0,0,0,0,0
15260090116,152,758.481775739456,755.975257901342,763.468318954096,0,0,1,12,3,2,1,1,1,0,0,0,0,2,1,1,1,1,3,1,1,5,2,3,2,2,2,1,2,3,3,3,3,2,3,3,3,3,2,3,2,3,3,2,3,2,2,3,3,3,3,1,0,0,0,0,0,0
15260800128,152,858.170757505403,861.259759448302,877.247556556286,0,1,1,12,NA,3,1,1,1,0,1,1,1,2,2,1,1,1,3,1,0,5,2,3,1,1,1,1,3,3,3,3,3,2,2,3,3,3,2,3,2,3,3,3,3,3,1,3,2,1,3,1,0,0,0,0,0,0
15260320236,152,753.380562454932,605.940340639263,583.016880301769,0,0,0,13,6,6,1,1,NA,0,1,1,0,2,2,1,1,1,2,2,1,1,NA,NA,NA,NA,NA,NA,NA,NA,NA,NA,NA,NA,NA,NA,NA,NA,NA,NA,NA,NA,NA,NA,NA,NA,NA,NA,NA,NA,NA,NA,NA,NA,NA,NA,NA,NA
15261090223,152,922.818645504263,784.97010668571,1120.9339904645,1,0,0,12,4,5,1,1,1,1,1,1,1,3,3,2,1,1,0,3,2,6,2,3,1,1,2,1,2,2,2,2,1,2,2,1,2,2,2,2,3,2,3,2,1,3,3,3,2,1,2,1,0,0,0,0,0,0
15261090230,152,799.820972702492,763.331321493914,821.19714889962,1,0,1,12,6,6,1,1,1,1,1,1,1,3,2,3,1,1,0,3,2,6,2,3,2,1,1,1,3,3,3,2,3,3,2,3,3,3,2,2,2,3,3,2,3,2,3,3,2,3,3,1,0,0,0,0,0,0
15261740301,152,861.353442758634,809.722119866552,730.865360950977,1,0,1,12,5,5,1,1,1,1,1,1,1,3,1,2,1,1,1,3,2,6,3,3,3,1,1,1,2,2,1,1,2,3,3,3,3,3,3,1,3,3,3,2,1,3,1,1,3,2,2,1,0,0,0,0,0,0
15261760223,152,845.490045409845,885.855040893083,969.911438875634,1,0,0,12,6,3,1,1,1,1,1,1,0,3,2,1,1,1,1,2,1,4,2,3,1,1,1,2,3,3,3,2,3,3,3,3,2,3,2,3,2,3,3,2,2,2,3,2,3,3,3,1,0,0,0,0,0,1
15260260130,152,825.863996733009,741.642854517584,749.224327285214,0,0,0,12,2,2,1,1,1,1,1,1,1,3,1,1,1,1,1,3,0,4,2,2,2,1,1,1,2,3,2,2,2,3,2,3,3,3,2,2,2,3,2,2,2,2,2,1,1,2,3,1,0,0,0,0,0,0
15261780139,152,966.020818864017,759.400762135943,795.69693553946,1,0,0,12,6,3,1,1,1,0,1,0,1,3,2,2,1,1,3,1,1,6,2,2,2,1,1,1,2,3,3,3,2,2,3,3,2,3,2,2,2,2,3,2,2,2,2,3,2,3,3,1,0,0,0,0,0,0
15261460127,152,579.444931880033,556.945733304789,623.272877631754,1,0,0,12,2,2,1,1,1,0,0,0,1,3,1,1,1,1,1,1,1,6,3,1,3,3,3,3,1,1,1,1,1,1,2,1,1,1,1,1,1,1,1,1,1,2,1,1,1,1,1,1,0,0,0,1,0,0
15261540127,152,641.82099337517,921.2830252568,840.774958028732,1,0,1,12,6,6,1,0,1,1,1,1,1,3,3,2,1,1,0,3,1,5,2,2,1,1,1,1,3,2,3,3,3,3,3,3,3,3,2,3,2,3,3,3,2,2,3,3,2,2,3,1,0,0,0,0,0,0
15260130114,152,658.462980198051,738.847160220236,620.509501329898,0,0,0,12,NA,NA,1,1,1,1,1,1,1,3,1,1,1,1,1,1,1,5,3,2,2,2,1,1,3,3,3,3,3,3,3,3,3,2,2,2,2,3,2,3,3,3,3,3,2,2,3,1,0,0,0,0,0,0
15261310223,152,780.661072230014,809.722119866552,774.304924935006,1,1,1,13,5,5,1,1,1,1,1,1,1,3,2,3,3,1,0,3,2,6,3,3,2,2,2,1,3,3,3,2,2,3,2,3,3,3,2,2,2,2,2,3,3,2,2,3,3,1,3,1,1,0,0,0,0,0
15241180120,152,924.402929010597,891.123072159254,987.441902528933,1,0,1,12,6,5,1,1,1,1,1,1,1,3,2,3,1,1,2,1,1,6,2,2,1,1,1,1,3,3,3,3,3,3,3,3,3,3,2,3,3,3,3,3,3,2,3,3,3,2,2,1,0,0,0,0,0,0
15261600224,152,825.863996733009,1088.93500984238,815.871220868558,1,0,1,12,NA,2,1,0,1,0,1,1,0,3,1,1,1,1,3,1,1,4,2,3,2,1,1,1,3,3,3,3,2,3,3,3,2,3,2,3,2,3,2,3,2,3,2,3,2,3,3,1,0,0,0,0,0,0
15260780133,152,696.479553042866,805.359816580475,749.224327285214,0,1,0,13,2,2,1,1,1,0,1,1,0,2,2,1,2,2,0,3,2,5,2,3,2,1,2,1,2,3,3,1,2,2,3,3,2,3,2,1,1,2,2,2,1,2,1,2,1,1,3,1,0,0,0,0,0,0
15261290418,152,792.492246086554,683.11426939796,663.723741187988,1,0,0,13,NA,1,1,1,1,1,1,1,1,3,3,3,1,2,0,3,2,5,2,2,2,1,2,3,2,2,2,2,2,2,2,3,3,3,2,2,2,2,2,2,2,2,2,2,2,3,2,1,0,1,0,1,0,0
15261240121,152,967.554371932825,926.401786267859,1120.9339904645,1,0,0,12,5,3,1,1,1,1,1,1,1,3,3,3,1,1,0,3,3,6,2,3,3,1,1,2,3,3,3,1,3,2,3,3,3,3,2,1,2,3,3,2,2,2,3,3,3,2,3,1,1,0,0,1,0,0
15260320213,152,638.814926882892,699.937958042216,724.630357094242,0,0,1,12,3,NA,1,1,0,1,1,1,1,3,2,2,1,1,0,3,1,6,3,2,3,2,2,1,2,2,2,2,2,2,1,3,2,3,3,2,2,3,3,2,3,3,2,2,3,2,1,1,0,0,0,1,0,0
15261630228,152,885.184388722333,861.259759448302,960.826169157637,1,0,1,13,5,5,1,1,1,1,1,1,1,3,2,1,1,1,2,NA,1,5,2,2,1,2,1,1,3,3,3,3,2,3,3,3,2,3,2,2,2,2,3,3,2,2,2,2,2,2,2,1,0,0,0,0,0,0
15261930133,152,786.576629165057,771.440359779417,696.076945443166,1,1,1,12,3,6,1,1,1,NA,NA,1,1,1,1,1,1,1,1,1,0,4,3,2,2,1,1,2,2,2,2,2,2,3,3,3,3,3,2,2,3,2,3,3,2,3,3,2,2,2,3,1,1,0,0,0,0,0
15261070315,152,836.438130653331,809.722119866552,891.483958358023,1,0,1,12,3,3,1,1,1,1,1,1,1,3,3,2,NA,1,0,3,2,5,2,2,1,1,2,1,3,3,3,3,3,3,2,3,3,3,3,3,3,2,1,2,3,3,1,2,2,1,2,1,0,0,0,0,0,0
15261190411,152,916.031434716938,897.252014371893,924.026853924325,1,0,1,12,5,5,1,1,1,1,1,1,1,3,2,2,2,1,0,3,2,6,3,3,1,1,1,1,3,3,3,3,3,3,3,3,3,3,2,2,2,3,3,3,3,2,2,2,2,2,2,1,0,0,0,0,0,0
15261470107,152,821.042100412233,789.787448899724,877.247556556286,1,0,1,12,3,2,1,1,1,0,0,0,1,1,1,1,1,1,1,0,0,4,3,2,3,1,1,1,3,3,3,2,2,2,2,3,2,2,3,2,2,2,2,3,2,3,1,2,1,1,2,1,0,0,0,0,0,0
15261590210,152,799.820972702492,716.985519714093,802.106017825931,1,0,1,12,3,3,1,1,1,1,1,1,1,3,1,1,1,1,3,0,0,5,3,2,3,1,1,1,2,2,3,2,2,2,2,3,3,3,3,3,1,3,2,2,3,2,1,2,2,3,2,1,0,0,0,0,0,0
15260620104,152,885.184388722333,863.450270478581,899.109955495348,0,1,0,12,3,2,1,1,0,0,1,1,1,2,3,1,1,1,3,0,0,6,3,2,2,1,1,1,2,2,3,2,2,3,3,3,2,3,2,2,2,3,3,2,2,2,2,2,3,3,2,1,0,0,0,0,0,0
15261270301,152,1007.09838415554,869.013854639774,699.967567110936,1,0,0,12,5,5,1,1,1,1,1,1,1,3,3,3,3,2,0,3,2,6,3,2,2,1,2,1,1,1,1,1,1,2,2,2,2,2,3,1,1,1,1,2,2,1,2,3,2,3,3,1,0,0,0,0,1,0
15240910103,152,835.480741482186,789.787448899724,826.489401061913,1,0,1,11,4,3,1,1,1,1,1,1,1,3,2,3,2,1,0,3,3,2,3,3,1,1,2,1,3,3,3,3,3,3,3,3,3,3,2,2,2,1,3,3,2,2,2,2,3,2,3,1,0,0,0,0,0,0
15261080205,152,644.807148863508,726.349200536683,749.224327285214,1,0,1,12,NA,NA,1,1,1,1,1,1,1,3,1,3,2,1,0,3,3,6,2,3,1,1,1,1,3,3,3,3,3,3,3,3,3,3,2,3,1,3,3,3,3,2,2,1,3,1,1,1,0,0,0,0,0,0
15260020105,152,803.576182068136,863.450270478581,955.021655012284,0,0,0,12,5,4,1,1,1,1,1,1,1,2,1,2,1,1,1,3,1,2,2,2,3,2,1,2,3,3,3,2,3,2,2,3,2,3,1,1,2,2,3,3,2,3,1,2,2,2,3,1,0,0,0,1,0,0
15261430122,152,676.921933592745,738.847160220236,744.345111642711,1,0,0,12,6,6,1,1,1,0,1,1,1,3,2,3,1,3,0,3,3,6,3,2,3,2,2,2,2,1,2,2,1,1,2,2,3,2,3,2,2,2,1,1,2,2,2,2,2,2,2,1,0,0,0,0,0,0
15261670225,152,703.730029578287,630.976475564132,NA,1,0,1,12,2,6,1,1,1,1,1,1,1,0,0,3,1,1,1,3,1,5,3,2,2,2,2,1,1,1,3,3,2,3,2,3,3,2,3,3,1,3,3,2,1,2,2,2,2,2,2,1,1,1,1,1,1,1
15261370125,152,900.242963984845,863.450270478581,793.59660449715,1,0,1,12,2,3,1,1,1,1,1,0,1,3,1,0,1,1,3,0,1,6,3,3,1,1,1,1,3,3,3,3,3,3,3,3,3,3,1,3,3,3,3,3,3,3,3,3,3,3,3,1,0,0,0,0,0,0
15260920109,152,943.995929971295,810.175991931238,960.826169157637,1,0,1,12,5,5,1,1,1,0,1,1,1,3,1,3,2,1,2,2,2,6,2,3,1,1,1,1,3,3,3,3,3,3,3,3,3,3,2,3,3,3,3,3,3,3,2,3,3,1,1,1,0,0,0,0,0,0
15260750120,152,720.416838815629,656.650960529419,654.543615895988,0,1,1,14,2,2,1,1,1,0,0,0,0,2,0,0,2,1,0,2,0,4,3,2,2,2,1,3,3,2,2,2,2,2,3,3,3,3,3,3,2,3,3,2,2,2,2,2,2,2,2,3,0,0,0,0,1,0
15261030109,152,851.457066759533,810.175991931238,849.039821652269,1,0,0,12,5,5,1,1,1,0,1,1,1,3,3,3,2,1,1,3,2,5,3,3,2,2,1,2,2,2,1,1,1,1,2,3,3,3,2,2,1,1,1,1,3,2,2,1,1,2,2,1,0,0,0,0,0,0
15261150223,152,867.962186666611,896.636802850535,764.180669159736,1,0,0,12,6,6,1,1,1,1,1,1,1,3,1,2,1,1,1,2,1,3,3,2,1,1,2,1,2,3,3,2,3,3,3,3,3,3,3,1,1,3,3,3,2,3,1,3,2,3,3,1,0,0,0,0,0,0
15261910133,152,877.771630081486,814.312289019227,802.106017825931,1,1,0,12,2,2,1,1,1,0,1,1,1,3,1,1,1,1,0,1,1,3,2,3,2,1,1,1,3,3,3,3,3,3,3,3,3,3,3,2,2,3,2,3,3,3,2,2,3,3,3,1,0,0,0,0,0,0
15261640138,152,744.839526945012,741.642854517584,815.871220868558,1,0,0,13,2,4,1,1,1,1,1,1,1,3,2,1,1,2,1,3,1,3,2,2,3,2,2,3,2,3,2,2,2,2,2,3,3,3,2,3,2,3,3,3,2,3,2,3,3,2,3,2,0,0,0,0,0,0
15260240103,152,703.730029578287,819.979720118117,735.419712752912,0,0,1,12,5,6,1,1,1,0,1,1,1,3,2,3,1,1,1,3,2,5,3,1,3,2,2,2,1,1,1,1,1,1,1,1,1,1,3,2,2,2,2,2,2,2,2,2,2,2,2,1,1,1,1,0,0,0
15261650234,152,845.490045409845,858.040399938525,821.19714889962,1,0,1,12,5,4,1,1,1,1,1,1,1,3,1,3,1,1,0,3,1,6,3,2,2,1,1,1,3,2,3,2,2,3,2,3,3,3,2,3,2,3,3,3,3,2,2,2,2,3,2,1,0,0,0,0,0,0
15261400120,152,675.366686315516,658.336119403428,569.511172297042,1,0,0,12,6,6,1,1,1,0,0,0,0,1,2,0,1,0,0,1,0,4,2,2,3,1,2,1,3,3,3,3,3,3,3,3,3,3,3,2,1,2,2,3,1,2,2,2,3,2,2,1,1,1,1,1,1,1
15260160109,152,703.730029578287,789.787448899724,696.076945443166,0,0,0,14,3,5,1,1,NA,0,1,1,1,3,1,3,1,1,1,1,0,6,2,3,1,1,1,1,3,3,3,3,3,3,3,3,3,3,2,3,2,3,3,3,3,2,2,3,2,3,3,2,0,NA,NA,NA,NA,NA
15261560208,152,672.582121199344,748.422701976674,748.248414978727,1,0,0,12,6,6,1,1,1,1,1,1,0,3,3,2,2,1,0,3,3,5,3,2,2,1,1,1,3,3,3,3,3,3,3,3,3,3,3,3,2,3,3,3,3,3,3,3,3,3,2,1,0,0,0,0,0,0
15260920121,152,885.184388722333,789.787448899724,724.630357094242,1,0,0,13,5,5,1,1,1,0,0,1,1,3,3,3,3,2,1,2,3,3,2,3,1,2,2,2,3,3,3,3,3,3,3,3,3,3,1,2,3,3,3,3,1,3,2,2,2,1,3,2,0,0,0,0,0,0
15260290201,152,799.820972702492,730.59628546646,783.707674904887,0,0,1,12,2,3,1,1,1,1,1,1,0,3,2,3,2,2,1,3,3,3,2,3,2,2,1,3,3,2,3,3,2,3,3,3,3,3,3,3,3,3,2,1,2,3,2,2,2,3,3,1,0,0,0,0,0,0
15260270228,152,754.693126603347,759.400762135943,730.865360950977,0,0,1,12,2,3,1,1,0,1,1,0,0,2,1,0,1,1,0,0,1,5,2,2,1,2,2,1,3,3,3,2,2,2,3,3,2,3,2,3,2,2,2,2,2,2,3,3,3,3,2,1,0,0,0,0,0,0
15261750319,152,1150,977.367632899844,1026.00723369426,1,0,1,12,5,5,1,1,1,0,0,1,1,1,1,2,1,1,3,1,1,6,3,2,2,1,3,1,3,3,3,2,3,3,3,3,2,3,2,3,2,2,3,3,2,3,2,2,2,3,3,1,0,0,0,1,1,0
15261410101,152,774.07309766787,682.652865440504,744.345111642711,1,0,0,12,3,3,1,1,1,1,1,1,1,3,3,2,1,2,0,3,0,4,3,2,1,1,1,1,2,3,3,3,3,3,3,3,3,3,3,3,3,2,3,3,2,3,2,2,3,3,2,1,0,0,0,0,0,0
15260180207,152,763.303074123821,763.331321493914,646.65924211913,0,0,1,11,6,3,1,1,1,1,1,1,1,2,1,1,1,1,0,1,0,3,3,2,2,2,1,1,1,3,3,2,2,2,3,3,3,2,2,2,3,3,2,3,2,2,2,3,3,2,2,1,0,0,0,1,0,0
15260040143,152,695.410281742729,703.719781387979,646.65924211913,1,0,0,12,NA,NA,1,1,1,1,1,1,0,2,1,1,1,2,3,1,1,2,3,3,3,1,2,1,3,3,3,2,2,2,3,3,3,2,2,2,2,3,3,3,2,1,2,2,1,3,2,1,0,1,1,1,0,0
15261390104,152,932.503930562214,921.2830252568,862.43115157821,1,0,1,12,4,4,1,1,1,0,1,1,1,2,1,2,1,1,3,1,2,5,3,2,3,2,2,1,2,2,2,2,2,3,3,3,2,2,2,2,1,3,3,2,1,2,2,1,2,3,3,1,0,0,0,1,0,0
15261270305,152,913.068840194063,858.040399938525,969.911438875634,1,0,0,12,5,5,1,1,1,1,1,1,1,3,3,3,1,1,1,3,3,6,3,2,2,1,2,1,2,2,3,2,2,2,NA,3,2,1,3,2,2,2,1,2,1,1,2,2,3,2,2,1,0,0,0,0,0,0
15260300126,152,825.863996733009,922.415352957761,938.073104651261,0,0,1,11,4,3,1,1,1,1,1,1,1,2,2,1,1,1,1,3,0,6,2,3,2,1,2,1,1,1,2,3,2,2,2,2,3,3,1,3,2,3,3,3,2,3,2,2,2,3,3,1,0,0,0,0,0,0
15261260111,152,851.457066759533,810.175991931238,744.345111642711,1,0,1,12,5,5,1,1,0,1,1,1,1,3,1,3,1,1,0,3,1,6,3,2,2,1,2,1,3,3,3,2,2,2,3,3,3,3,2,3,2,3,3,3,2,2,2,2,3,2,2,1,0,0,0,0,0,0
15261090207,152,966.020818864017,972.404916702324,992.546885614016,1,0,1,12,5,5,1,1,1,1,1,1,1,3,2,3,1,1,0,3,3,6,2,3,1,1,2,1,2,2,3,2,3,3,3,3,3,3,2,2,2,3,3,3,2,3,2,3,2,3,3,1,0,0,0,0,0,0
15240910114,152,878.379768151988,861.259759448302,877.247556556286,1,0,1,11,5,5,1,1,1,1,1,1,1,2,3,2,1,1,0,3,1,4,2,2,1,1,1,1,3,3,3,3,3,3,3,3,3,3,2,3,2,3,3,3,3,2,3,3,3,2,2,1,0,0,0,0,0,0
15260660101,152,867.962186666611,861.259759448302,927.950888810507,0,1,0,12,6,3,1,1,1,0,1,1,1,2,1,1,1,1,2,1,2,5,3,3,3,2,1,1,2,2,3,3,3,3,2,3,3,3,3,3,2,2,3,3,2,2,3,2,2,3,2,1,0,0,0,0,0,0
15260230214,152,672.582121199344,639.100754841275,577.738214896836,0,0,1,13,NA,6,1,1,0,0,0,0,0,2,1,1,1,1,2,0,0,1,2,2,2,1,2,1,2,2,2,1,2,1,2,3,3,3,2,2,1,1,2,2,2,3,1,1,2,2,3,2,0,0,0,0,0,0
15261670238,152,789.288001701545,771.440359779417,784.334728528051,1,0,1,12,3,3,1,1,1,1,1,1,1,1,1,1,1,1,0,3,1,3,3,2,3,2,1,2,2,3,2,2,2,2,2,3,2,3,2,2,3,3,2,3,2,2,3,3,2,2,2,1,0,0,1,0,0,0
15260210305,152,696.479553042866,811.726714003948,562.462810088592,0,0,0,12,NA,NA,1,1,0,0,1,1,1,2,2,0,1,1,1,2,3,6,1,1,1,1,1,1,1,1,1,1,1,1,1,1,1,1,1,2,2,2,2,2,2,2,2,2,2,2,2,3,1,1,0,1,1,0
15260780138,152,641.82099337517,642.066948738803,598.407632559453,0,1,0,13,NA,NA,1,1,1,0,1,1,1,2,2,2,1,2,1,2,2,NA,2,2,2,1,1,2,2,2,2,2,2,2,3,2,2,2,2,2,2,2,2,NA,1,2,2,2,2,2,2,NA,1,0,0,1,1,1
15261770325,152,658.462980198051,709.733919479415,744.345111642711,1,0,1,12,6,6,1,1,1,1,1,1,1,3,1,3,1,1,0,3,1,6,3,2,3,2,1,1,2,2,3,2,2,3,3,3,2,3,2,3,2,3,3,3,2,2,3,2,NA,2,1,1,0,0,0,0,0,0
15261700105,152,857.133030510885,791.599892435478,920.501348268822,1,0,1,12,6,6,1,1,1,1,1,1,1,3,2,3,1,2,3,3,3,5,2,2,2,3,3,3,3,3,3,3,3,3,3,3,3,3,3,3,3,3,3,3,1,2,2,2,3,3,3,1,0,0,0,0,0,0
15241440118,152,839.160701696823,784.97010668571,877.247556556286,1,0,0,12,3,4,1,1,1,1,1,1,1,3,1,1,1,1,3,0,0,4,1,2,1,1,1,1,3,3,3,3,3,3,3,3,3,3,2,3,3,3,3,3,3,3,2,3,3,3,3,1,0,0,0,0,0,0
15260320235,152,725.406787510287,741.642854517584,684.35538453142,0,0,0,14,4,5,1,1,1,1,1,1,1,2,2,2,2,2,2,2,2,6,2,3,1,2,3,1,2,3,3,3,3,3,3,3,3,3,1,3,3,3,3,3,3,3,3,3,3,3,3,3,0,0,0,0,0,0
15261900135,152,703.730029578287,669.566631010833,715.91883067435,1,1,0,15,3,2,1,1,1,0,1,0,1,2,1,1,1,1,2,1,0,2,2,3,2,1,1,1,3,3,3,3,3,3,3,3,3,3,2,3,3,3,3,3,3,2,3,3,2,3,3,3,0,0,0,0,0,0
15260280107,152,946.429002528678,845.207036169785,833.543125254815,0,0,0,12,2,3,1,1,0,0,1,1,0,3,1,2,1,1,0,3,0,5,2,2,2,1,1,1,3,3,3,2,3,2,2,3,3,3,2,1,2,2,3,3,2,2,1,3,2,2,2,1,0,0,0,0,0,0
15261680209,152,843.133871845209,641.765195530861,871.251165904074,1,0,0,12,NA,NA,1,1,1,1,1,1,1,3,1,1,1,1,1,2,1,3,3,3,1,1,1,1,3,3,3,2,3,3,2,3,3,2,2,1,3,3,3,3,3,3,2,3,3,3,3,1,0,0,0,0,0,0
15260860204,152,727.47378480176906,682.652865440504,596.614188623103,0,1,0,13,2,2,1,1,1,1,1,1,1,3,1,1,2,1,0,1,1,4,2,2,2,2,2,1,3,2,2,3,2,2,3,3,2,3,2,2,1,2,3,2,2,2,2,3,2,3,2,1,0,0,0,1,0,0
15261760221,152,803.576182068136,1051.81699479446,926.599019887008,1,0,0,12,4,4,1,1,1,0,1,1,1,3,1,2,1,1,2,2,0,6,2,2,1,1,1,1,2,3,3,3,2,3,2,3,3,3,2,3,3,2,3,3,2,2,3,2,1,1,3,1,0,0,0,0,0,0
15261130209,152,885.184388722333,1081.45771121244,960.826169157637,1,0,0,13,4,5,1,1,1,1,1,1,1,3,2,3,1,1,NA,3,2,6,2,3,1,1,1,1,3,2,2,2,3,3,3,3,3,3,2,2,3,2,3,3,2,2,2,2,2,3,3,1,0,0,0,0,0,0
15230040311,152,1036.60858841237,966.412291051298,910.169896640932,1,0,1,12,5,5,1,1,1,1,1,1,1,3,2,3,1,1,0,3,3,6,3,2,1,1,2,1,2,3,3,2,3,2,2,3,3,3,2,2,1,2,3,3,2,3,1,2,3,2,2,1,0,0,0,0,0,0
15261020102,152,739.289227960425,779.08528795854,783.707674904887,1,0,1,12,4,5,1,1,1,NA,1,1,1,3,1,2,1,0,0,2,0,4,3,1,1,1,1,1,2,3,2,1,1,3,2,3,2,2,3,2,3,2,2,2,3,2,1,3,2,1,2,1,0,0,0,0,0,0
15261740306,152,774.07309766787,833.484406570347,805.021852741926,1,0,1,12,3,3,1,1,1,1,1,1,1,3,1,1,1,1,2,1,1,6,2,3,2,2,1,1,2,3,3,3,2,3,3,3,3,3,2,3,1,3,3,3,3,2,2,2,3,3,3,1,0,0,0,0,0,0
15261270337,152,825.863996733009,787.895636127489,732.934290711769,1,0,0,13,NA,NA,1,1,1,1,1,1,1,3,1,3,3,2,0,3,3,6,2,2,2,1,1,1,2,3,3,2,2,2,3,3,3,3,2,3,2,2,2,2,1,2,1,2,2,2,2,1,0,0,0,0,0,0
15260720115,152,775.302359483749,755.975257901342,704.440859011235,0,1,0,12,2,2,1,1,1,0,0,1,1,1,1,0,1,1,2,1,0,2,2,3,3,1,2,2,3,2,2,2,3,3,3,2,3,3,2,2,2,3,2,3,3,3,2,2,2,3,2,1,0,0,1,0,0,0
15261940210,152,819.87905389442,840.254449590615,899.109955495348,1,1,0,12,4,5,1,1,1,1,1,1,1,2,3,2,3,2,0,3,1,6,2,2,2,2,1,1,3,3,2,3,2,2,3,3,3,3,2,3,2,3,3,3,3,2,3,3,2,3,2,1,0,0,0,0,0,0
15260120124,152,743.275791584459,669.566631010833,684.780553438712,0,0,0,12,3,3,1,1,1,0,1,1,0,3,3,3,1,2,2,3,1,4,2,3,1,1,1,1,1,2,3,1,3,3,3,3,3,3,2,3,3,3,3,3,3,3,3,3,3,3,3,1,0,0,0,0,0,0
15261420121,152,821.042100412233,1051.81699479446,855.008450839654,1,0,1,12,5,4,1,1,1,NA,1,NA,1,2,1,1,1,1,0,3,1,6,3,2,1,2,2,1,3,3,3,3,3,3,3,3,3,3,2,2,2,2,3,3,2,2,2,2,2,2,3,1,0,0,0,0,0,0
15260110113,152,744.839526945012,792.333010542342,765.544228786245,0,0,0,15,2,2,1,1,1,1,0,0,1,2,1,0,1,1,0,1,1,3,2,3,2,1,1,1,3,3,3,3,3,3,3,3,3,3,2,3,3,3,3,3,3,2,3,2,3,3,2,2,0,0,0,0,0,0
15261620140,152,817.002471806403,759.400762135943,774.304924935006,1,0,1,13,3,3,1,NA,NA,NA,NA,NA,NA,2,NA,NA,NA,NA,NA,NA,NA,2,3,2,2,1,1,1,2,2,2,2,3,3,1,2,2,3,3,3,3,3,3,2,1,3,2,2,2,2,2,2,0,0,0,0,0,0
15260770129,152,579.444931880033,693.829399146748,598.407632559453,0,1,1,11,6,6,1,1,0,1,1,1,1,3,1,2,1,1,3,2,1,3,2,2,2,1,1,2,3,3,3,3,3,3,3,3,3,3,2,2,2,3,3,3,3,3,3,2,1,3,3,1,0,0,0,0,0,0
15260170119,152,810.211148626261,787.895636127489,619.739405459454,0,0,0,11,3,3,1,1,1,0,1,0,1,2,2,1,1,1,3,0,0,4,3,2,2,2,1,1,1,2,2,1,2,2,1,3,1,2,3,2,2,2,2,2,2,2,2,2,2,2,2,1,0,0,0,0,0,0
15261890127,152,932.503930562214,703.719781387979,765.811031204051,1,1,0,14,2,6,1,1,0,0,1,NA,1,3,3,3,1,1,3,1,1,2,2,2,2,2,1,1,2,3,3,2,2,2,3,3,3,3,2,2,2,2,3,3,2,3,3,3,3,3,2,3,0,0,0,0,1,0
15261270314,152,810.211148626261,685.247661508231,569.511172297042,1,0,0,12,5,5,1,1,1,1,1,1,1,3,3,3,3,3,3,3,2,6,3,1,3,3,3,3,1,3,1,1,1,1,1,1,1,1,3,1,1,1,1,1,1,3,1,1,1,1,2,4,0,0,0,0,0,0
15260240124,152,729.34512063229,763.331321493914,732.506338614645,0,0,1,12,NA,NA,1,1,1,1,1,0,1,3,1,2,1,1,3,1,0,6,3,1,3,3,3,3,3,3,3,1,1,2,2,NA,3,3,3,1,3,1,NA,2,2,1,1,2,2,2,2,1,0,0,0,1,NA,NA
15261570121,152,696.479553042866,933.044130210279,716.556646935781,1,0,0,12,6,6,1,1,1,0,1,0,1,2,1,1,1,1,1,2,0,5,2,2,2,1,2,1,2,2,2,3,2,3,3,3,2,3,2,2,3,2,3,3,2,3,2,2,3,1,1,3,0,0,0,0,0,0
15261520218,152,727.47378480176906,713.114066464248,899.109955495348,1,0,1,12,3,3,1,1,1,0,1,1,1,3,1,3,1,1,3,3,1,4,3,2,3,2,2,3,1,1,1,1,1,3,2,2,1,1,3,3,3,1,1,2,2,3,2,1,2,2,2,1,1,1,1,1,1,0
15241180116,152,953.681304580454,858.040399938525,910.169896640932,1,0,1,13,6,5,1,1,1,NA,1,1,1,2,2,3,1,1,0,3,2,6,2,2,1,1,1,1,3,3,2,3,2,2,3,3,3,2,2,3,3,2,3,3,2,3,2,3,3,2,2,1,0,0,0,0,0,0
15260090124,152,743.275791584459,647.569660885119,664.221162044796,0,0,1,12,6,6,1,1,0,1,0,0,0,2,1,1,1,1,2,1,1,3,2,2,3,2,2,1,2,2,2,2,2,1,2,2,2,2,2,3,2,2,2,3,2,2,1,1,2,2,2,1,0,0,1,1,0,0
15240850208,152,707.255707631048,706.976682254375,641.190245977511,0,1,1,12,6,6,1,1,1,0,1,1,1,3,2,2,1,1,1,1,1,2,3,2,3,2,1,1,2,3,2,1,1,3,2,3,2,3,3,3,2,3,2,3,3,2,2,1,2,2,1,1,0,0,0,0,0,0
15230010101,152,632.500853793072,630.976475564132,654.543615895988,0,0,0,13,NA,NA,1,1,1,1,1,0,1,2,1,1,1,1,2,2,2,NA,2,3,2,3,2,1,3,3,3,3,2,3,3,3,3,3,3,2,3,3,2,2,3,2,3,3,3,2,3,NA,0,0,0,0,0,0
15260200138,152,729.34512063229,858.040399938525,598.407632559453,0,0,1,12,5,2,1,1,0,0,0,1,1,3,2,2,2,2,0,3,0,6,2,2,3,2,1,1,2,2,2,1,2,3,3,2,2,3,2,2,3,3,2,2,2,2,2,3,3,2,2,1,0,0,0,0,0,0
15261680224,152,885.184388722333,686.884228713883,873.065067817392,1,0,0,12,5,5,1,1,1,1,1,1,1,3,1,3,1,2,0,3,2,5,3,2,3,2,2,2,3,2,1,1,2,2,1,3,3,2,3,2,3,2,3,3,3,2,2,3,2,2,1,1,0,0,0,0,0,0
15261000229,152,904.320183852272,1076.65800734062,865.169380489376,1,0,0,12,3,3,1,1,1,1,1,1,1,3,3,3,1,1,1,3,0,3,2,3,2,1,1,1,2,2,2,1,3,3,3,3,3,3,2,3,3,1,3,2,3,2,1,3,2,3,3,1,0,0,0,0,0,0
15260120117,152,703.730029578287,673.866863289994,715.91883067435,0,0,1,12,NA,NA,1,1,1,1,1,1,1,3,3,3,2,2,1,2,2,6,3,2,3,1,1,1,NA,2,2,2,2,2,2,3,3,3,2,2,2,2,2,2,2,1,NA,NA,NA,NA,2,1,1,0,0,0,NA,0
15261220107,152,878.379768151988,896.636802850535,813.446773133039,1,0,1,12,NA,NA,1,1,1,1,1,1,0,2,1,2,1,1,2,1,1,3,2,3,1,2,1,1,3,3,3,3,3,3,3,3,3,3,2,3,3,2,3,2,3,2,3,3,3,1,2,1,0,0,0,0,0,0
15260270218,152,843.133871845209,698.831227300814,699.967567110936,0,0,0,12,3,6,1,1,1,0,1,1,1,1,1,2,1,2,1,3,0,1,2,2,2,2,2,1,3,2,3,3,2,2,3,2,2,2,2,2,2,3,3,3,2,2,2,2,2,2,2,1,0,0,0,0,0,0
15260780128,152,828.651924839791,757.601364788394,803.765730168858,0,1,0,13,2,6,1,1,1,0,1,1,1,1,1,1,1,2,0,3,0,4,3,2,2,1,1,1,2,2,3,2,2,3,3,3,3,3,2,2,1,3,3,3,2,3,2,2,1,2,2,1,0,0,0,1,0,0
15261760209,152,924.402929010597,833.484406570347,793.59660449715,1,0,0,12,4,4,1,1,1,1,1,1,1,2,1,1,1,1,2,1,0,3,1,3,1,1,1,1,3,3,3,3,3,3,3,3,3,3,1,3,3,3,3,3,3,3,3,3,2,2,1,1,0,0,0,0,0,0
15261640117,152,804.520471911497,769.305214794915,642.90440152109,1,0,0,12,6,6,1,1,1,1,1,1,1,3,2,3,1,1,1,3,1,6,2,2,2,1,2,2,2,2,2,3,2,2,3,3,2,3,1,3,2,3,2,3,2,2,2,2,2,3,2,1,0,0,0,0,0,0
15261280321,152,894.930726172746,744.68371254908,765.811031204051,1,0,1,12,5,5,1,1,1,1,1,1,1,2,3,3,1,1,0,3,2,6,2,NA,1,1,2,1,3,2,3,3,3,3,3,2,3,2,2,3,2,3,2,3,2,2,3,2,3,3,3,1,0,0,0,0,0,0
15260840109,152,662.61459751595,644.857616283752,628.433773981081,0,1,1,12,6,6,1,1,1,1,0,1,1,1,2,2,2,2,3,1,1,3,2,2,2,2,2,2,2,2,2,2,2,1,2,2,1,1,1,2,2,2,2,1,2,2,1,1,1,2,2,1,1,1,1,1,0,1
15261610126,152,792.771434186544,726.647172503127,833.543125254815,1,0,0,12,2,3,1,1,1,1,1,1,NA,3,2,1,1,2,1,3,0,6,2,3,2,1,1,1,3,3,3,2,2,3,3,3,3,3,2,3,2,3,3,3,2,3,2,3,3,3,3,1,0,0,0,0,0,0
15261860101,152,712.447327036874,583.677750516308,690.561387243772,1,1,1,14,2,2,1,1,0,0,0,0,0,2,2,1,1,1,3,0,1,1,2,3,2,2,1,1,3,3,3,3,3,3,3,3,3,3,1,3,2,3,3,3,3,3,3,3,3,3,3,3,0,0,0,0,0,0
15260220223,152,839.160701696823,784.97010668571,900.930870374094,0,0,0,12,NA,NA,1,1,1,1,1,1,1,3,3,2,2,1,1,3,1,6,2,2,2,2,1,1,2,2,3,3,2,3,3,3,3,3,2,2,2,3,3,3,2,2,3,3,3,2,1,1,0,0,0,0,0,0
15260170103,152,727.47378480176906,726.518530377495,704.846201206376,0,0,1,12,NA,NA,1,1,0,0,1,0,1,1,2,1,1,1,0,3,0,6,3,2,3,1,2,1,3,2,2,1,1,1,2,3,3,2,3,2,1,1,2,1,2,2,2,2,2,1,3,1,0,0,0,0,1,0
15261120233,152,809.125587361668,757.601364788394,833.543125254815,1,0,1,12,5,5,1,1,1,1,1,1,1,3,2,3,2,1,0,3,3,5,2,2,1,1,1,1,3,3,3,2,2,3,3,3,3,3,2,2,2,3,3,2,3,2,1,3,3,3,2,1,0,0,0,0,1,0
15260120111,152,686.740441175146,754.584712947235,774.09406277467,0,0,0,12,6,6,1,1,1,1,1,1,1,3,2,2,1,1,1,3,1,5,2,2,2,1,1,2,2,3,3,3,3,3,3,3,3,2,2,3,2,3,3,3,2,2,3,3,3,3,3,1,0,0,0,0,0,0
15260950213,152,932.503930562214,972.404916702324,885.241263817585,1,0,0,12,4,5,1,1,1,1,1,1,1,3,2,3,1,1,1,2,0,6,3,2,2,1,1,1,2,2,3,2,2,2,2,3,2,3,3,2,2,2,2,2,2,3,2,2,2,2,2,1,0,0,1,1,0,0
15261240113,152,916.031434716938,824.283531453676,846.947584308789,1,0,0,12,3,5,1,1,1,1,1,1,0,3,2,3,1,1,0,3,3,5,2,3,1,1,1,1,3,3,2,2,3,3,2,3,2,3,1,3,2,1,2,3,2,2,1,2,1,2,2,1,0,0,0,0,0,0
15261130221,152,922.818645504263,863.450270478581,899.109955495348,1,0,1,12,5,5,1,1,1,1,1,1,1,2,3,3,2,1,3,1,1,5,3,2,1,1,1,1,2,2,3,3,3,3,3,3,2,2,3,2,3,2,3,2,2,1,3,3,1,3,3,1,0,0,0,0,0,0
15261880123,152,736.928548663219,861.259759448302,774.09406277467,1,1,1,12,2,6,1,1,1,0,0,0,0,0,0,0,0,0,1,0,0,2,3,2,3,2,2,1,2,2,3,3,2,3,2,3,3,3,1,3,2,2,2,2,3,2,2,1,2,2,3,1,0,0,0,0,0,0
15260200131,152,723.520659555658,652.099564035197,765.811031204051,0,0,1,13,NA,NA,1,1,1,0,1,1,1,3,2,1,3,1,1,2,1,4,3,2,2,2,3,1,2,2,3,3,2,3,2,3,2,2,2,2,2,3,2,3,2,3,2,2,3,2,3,3,0,0,0,1,0,0
15241230408,152,904.320183852272,885.855040893083,795.69693553946,1,0,1,12,NA,NA,NA,NA,NA,NA,NA,NA,NA,NA,NA,NA,NA,NA,NA,NA,NA,NA,NA,NA,NA,NA,NA,NA,NA,NA,NA,NA,NA,NA,NA,NA,NA,NA,NA,NA,NA,NA,NA,NA,NA,NA,NA,NA,NA,NA,NA,NA,NA,NA,NA,NA,NA,NA
15261670204,152,763.303074123821,655.045898360038,668.982344976937,1,0,0,12,NA,NA,1,1,1,0,1,1,1,3,1,3,1,1,2,3,3,5,3,2,2,1,1,1,1,2,3,1,2,1,1,2,2,1,2,3,1,3,1,2,1,3,2,1,3,2,3,3,0,0,0,0,0,0
15261200227,152,984.587215282946,861.259759448302,900.930870374094,1,0,0,12,5,5,1,1,1,1,1,1,1,3,2,2,1,1,0,3,2,6,3,2,2,1,1,1,3,3,2,2,3,3,3,3,3,3,2,2,2,2,3,2,2,1,1,1,1,3,3,1,0,0,0,0,0,0
15261640104,152,984.587215282946,863.450270478581,1026.00723369426,1,0,0,12,NA,NA,1,1,1,0,1,1,1,2,2,3,1,1,0,3,2,6,2,2,2,2,1,1,2,3,3,3,3,2,2,2,2,3,1,2,2,3,2,3,2,3,1,3,2,3,3,1,0,0,0,0,0,0
15260080111,152,676.921933592745,740.260577341231,744.345111642711,0,0,1,14,2,6,1,1,1,1,1,0,0,3,0,0,0,0,3,1,0,2,2,2,3,1,1,1,2,3,2,2,2,2,3,3,3,2,2,2,1,3,3,2,2,2,2,2,2,1,1,2,0,0,0,1,0,0
15260040141,152,867.962186666611,754.46955187973,826.489401061913,1,0,0,12,4,3,1,1,1,0,1,1,1,3,1,2,1,1,3,3,2,6,3,2,2,1,1,1,2,3,3,2,1,3,2,3,3,3,2,2,1,2,2,2,NA,1,2,3,1,2,2,1,0,0,0,0,0,0
15260360228,152,754.693126603347,763.331321493914,641.190245977511,0,0,0,12,3,4,1,1,1,1,1,1,0,3,1,2,1,1,1,3,0,4,NA,NA,NA,NA,NA,NA,NA,NA,NA,NA,NA,NA,NA,NA,NA,NA,NA,NA,NA,NA,NA,NA,NA,NA,NA,NA,NA,NA,NA,1,0,0,1,0,0,1
15260890122,152,932.503930562214,921.2830252568,1008.11637909858,1,0,0,12,NA,NA,1,1,1,1,1,1,1,3,3,3,2,1,0,3,2,6,3,3,2,1,1,1,3,3,3,2,3,3,3,3,3,3,3,3,3,3,3,3,3,2,2,2,1,2,2,1,0,0,0,0,0,0
15261780135,152,658.060683075617,726.349200536683,663.723741187988,1,0,1,12,5,6,1,1,1,1,1,1,1,3,2,1,1,1,0,3,1,1,3,2,2,2,1,1,2,2,3,1,2,3,3,3,3,3,3,1,2,2,3,3,1,1,3,2,3,2,1,1,0,0,0,0,0,0
15260060140,152,707.255707631048,667.945625270161,748.248414978727,0,0,1,12,NA,NA,1,1,1,0,1,1,1,2,1,1,1,1,1,1,0,2,3,2,2,2,1,1,3,3,3,3,3,3,3,3,3,3,2,2,2,3,3,3,3,3,3,3,3,1,1,1,0,0,0,0,0,0
15260260119,152,621.545134680542,833.132483220304,743.800042847179,0,0,1,12,6,6,1,NA,1,NA,NA,1,1,3,2,3,1,1,1,2,0,6,3,2,3,1,2,1,1,3,3,2,2,3,3,3,3,3,3,3,1,3,2,3,2,2,2,3,1,3,3,1,0,0,0,0,0,0
15241040115,152,879.536648597864,834.710937142608,865.169380489376,1,0,0,12,3,3,1,1,1,1,1,1,1,3,1,1,1,1,0,2,1,3,2,2,1,1,1,1,2,2,2,2,3,2,2,2,2,2,2,2,2,2,2,2,2,2,2,2,2,2,2,1,0,0,0,0,0,0
15260180219,152,678.080195869449,763.331321493914,753.317023249181,0,0,0,13,6,6,1,1,1,0,0,1,1,1,1,1,3,NA,0,2,0,3,2,2,1,1,1,2,2,2,3,3,3,3,3,3,3,3,2,2,2,3,2,2,1,2,2,3,2,2,3,2,0,0,0,0,0,0
15260790105,152,695.410281742729,655.045898360038,668.982344976937,0,1,0,12,2,3,1,1,NA,NA,NA,NA,NA,2,1,1,1,1,1,NA,NA,2,2,3,2,1,1,1,3,3,3,3,3,3,3,3,3,3,2,3,3,3,3,3,3,NA,1,NA,3,3,3,1,0,0,0,0,0,0
15230010117,152,712.812180507236,655.485962920017,732.934290711769,0,0,1,12,2,2,1,1,1,1,1,1,1,3,1,0,2,1,1,2,0,2,2,2,2,1,1,2,3,2,3,2,2,2,3,2,2,2,2,2,2,3,3,3,2,2,2,2,2,2,2,1,0,0,0,0,0,0
15261550106,152,1049.05736941551,886.147151392184,871.251165904074,1,0,1,11,4,5,1,1,1,1,1,1,1,2,1,3,1,1,2,3,1,6,3,2,1,NA,2,1,3,3,3,3,3,3,3,2,2,2,3,1,1,3,3,3,2,2,2,2,2,1,1,1,0,0,0,0,0,0
15261570118,152,835.480741482186,840.254449590615,927.950888810507,1,0,1,12,2,3,1,1,1,0,0,0,1,2,0,0,1,1,1,1,0,3,3,2,2,1,1,1,3,3,3,2,3,3,3,3,3,3,2,2,2,2,3,2,1,3,3,2,3,3,2,1,0,0,0,0,0,0
15260790115,152,568.580688040239,577.573780878712,664.221162044796,0,1,0,12,1,3,1,1,0,0,1,0,0,2,1,0,1,1,2,2,1,2,3,2,2,1,1,1,3,2,3,2,3,2,3,3,3,3,2,2,1,2,2,3,3,2,3,3,2,2,3,1,0,0,0,0,0,1
15260200126,152,836.438130653331,795.952932222907,668.982344976937,0,0,0,12,6,6,1,1,1,1,1,1,1,3,2,2,2,1,0,3,1,3,2,2,2,1,1,1,3,3,3,3,2,2,2,3,3,2,2,3,1,3,3,3,3,3,3,3,3,3,3,1,0,0,0,0,0,0
15260800103,152,658.060683075617,631.258813119674,763.468318954096,0,1,0,14,3,6,1,1,0,0,1,0,0,2,2,0,1,1,3,0,1,2,2,2,2,1,1,1,3,3,3,3,2,3,3,3,3,3,2,3,3,3,3,3,3,2,3,2,2,3,2,3,0,0,0,0,0,0
15261780130,152,878.379768151988,771.440359779417,813.446773133039,1,0,1,12,4,3,1,1,1,1,1,1,1,3,2,1,1,1,2,1,1,6,3,2,3,2,1,2,2,2,1,1,2,3,3,3,3,2,3,2,3,2,3,3,2,1,2,1,2,2,3,1,0,0,0,0,0,0
15261220132,152,819.87905389442,682.652865440504,744.345111642711,1,0,0,12,NA,NA,1,1,1,1,1,1,1,3,3,2,1,1,0,3,2,6,2,2,2,3,2,1,2,2,2,1,1,2,2,2,2,2,2,2,1,1,3,3,3,2,2,3,2,3,2,1,1,0,1,1,1,0
15260090134,152,675.366686315516,811.726714003948,743.800042847179,0,0,0,13,NA,2,1,1,1,1,0,0,1,3,2,2,1,1,0,3,0,4,3,3,2,2,2,2,2,2,2,2,2,2,2,2,2,2,2,2,2,2,2,2,2,2,2,2,2,2,2,2,0,0,0,0,0,0
15261370124,152,868.7581507888,757.601364788394,684.35538453142,1,0,0,12,3,3,1,1,1,1,1,1,1,3,2,2,1,1,0,1,3,4,2,2,2,1,1,1,2,2,2,2,2,2,2,3,2,2,2,2,2,2,2,2,NA,2,2,2,1,2,2,1,0,0,0,0,0,0
15261430137,152,922.152892158028,833.132483220304,851.931828079107,1,0,0,12,3,3,1,1,1,0,1,1,1,3,1,2,1,1,0,2,1,3,2,3,2,1,1,1,3,3,2,2,2,3,3,3,2,3,2,2,2,1,2,1,1,2,2,3,2,1,1,1,0,0,0,0,0,0
15261390110,152,707.255707631048,612.323549169251,713.512552266962,1,0,0,12,4,4,1,1,1,1,1,1,1,3,3,3,1,1,0,3,3,1,2,2,2,2,2,2,2,2,2,2,2,2,3,2,2,2,2,3,3,3,3,3,3,3,3,3,3,3,3,1,0,0,0,0,0,0
15260260114,152,651.300084529039,669.566631010833,696.076945443166,0,0,1,13,5,5,1,1,1,1,1,0,0,3,1,1,2,2,3,0,1,6,3,2,3,1,1,2,2,2,3,2,2,3,3,3,3,3,2,3,2,2,3,2,3,3,2,2,2,3,3,3,0,0,0,0,0,0
15260330202,152,769.844731858955,779.08528795854,937.980165219589,0,0,1,13,6,6,1,1,1,1,1,1,0,3,1,2,2,1,1,3,0,6,3,2,2,1,1,1,2,3,3,3,3,2,2,3,3,3,2,3,2,3,3,3,2,2,2,2,3,3,3,1,1,1,1,1,0,0
15261630238,152,916.031434716938,897.252014371893,824.852634341359,1,0,0,12,5,4,1,1,1,1,1,1,1,3,3,3,2,2,0,3,3,6,3,1,2,1,2,1,3,3,3,2,1,3,2,3,2,1,3,3,2,3,1,2,2,3,1,3,3,2,3,1,0,0,0,0,0,1
15261050114,152,736.928548663219,819.979720118117,774.09406277467,1,0,1,12,5,5,1,1,1,1,1,1,1,3,3,3,2,3,1,3,3,5,3,2,2,2,2,1,1,2,3,3,3,2,3,3,3,2,2,3,3,3,2,3,2,2,3,3,2,1,2,1,0,0,0,0,0,0
15261220125,152,769.889329752686,863.450270478581,987.441902528933,1,0,1,12,5,5,1,1,1,1,1,1,1,2,1,2,1,1,1,2,1,6,3,3,3,2,2,1,2,2,2,1,2,2,1,2,2,1,3,2,1,1,2,2,1,2,2,2,1,3,2,1,0,0,0,1,1,1
15260060132,152,753.380562454932,673.866863289994,793.59660449715,0,0,0,13,2,2,1,1,1,0,0,1,1,2,2,1,1,1,0,1,1,3,3,1,2,1,1,1,2,2,3,2,3,3,2,3,2,3,3,3,2,3,3,3,2,2,2,3,2,2,2,2,0,0,0,0,0,0
15260790136,152,776.677265733399,712.603133311372,608.201086989035,0,1,0,12,2,2,1,1,1,0,0,0,0,2,0,0,1,1,1,0,1,2,2,2,2,1,1,1,3,3,3,3,3,3,3,3,2,3,2,3,2,3,3,3,3,2,2,2,2,2,1,1,0,1,0,1,1,1
15260800117,152,568.580688040239,771.440359779417,684.780553438712,0,1,1,14,6,6,1,1,1,0,1,0,1,3,1,2,2,1,NA,0,0,3,2,2,1,1,1,1,1,2,2,2,2,2,3,3,3,3,2,2,1,2,3,2,2,2,1,2,1,2,1,2,0,0,0,0,0,0
15241140113,152,786.576629165057,977.367632899844,955.021655012284,1,0,1,12,6,6,1,1,1,1,1,1,1,3,2,3,1,1,0,3,1,5,2,2,1,1,1,1,3,3,3,2,3,3,3,3,3,3,2,2,2,2,2,3,1,2,2,2,2,3,2,1,0,0,0,0,1,0
15261560223,152,810.211148626261,669.240310231574,924.026853924325,1,0,0,12,5,5,1,1,1,1,1,1,1,3,2,NA,1,2,0,3,2,6,1,3,1,1,1,1,1,1,1,1,1,1,1,1,1,1,1,1,1,1,1,1,1,1,1,1,1,1,1,1,0,0,0,0,0,0
15261290429,152,825.863996733009,886.147151392184,871.251165904074,1,0,0,11,4,5,1,1,0,1,1,1,0,2,1,3,1,1,1,2,1,4,3,3,2,1,1,1,1,2,1,1,1,2,2,3,2,2,2,2,2,2,2,1,2,2,2,1,2,3,3,1,0,0,0,0,0,0
15260060116,152,769.844731858955,748.422701976674,783.707674904887,0,0,0,11,2,2,1,1,1,1,1,0,1,3,3,1,3,2,1,2,1,4,3,2,2,1,1,1,1,2,3,NA,2,2,2,3,2,2,3,3,2,3,3,2,3,3,3,2,2,3,2,1,0,0,0,0,0,0
15261110108,152,792.492246086554,869.013854639774,824.852634341359,1,0,0,13,5,5,1,1,1,1,1,1,1,2,1,1,2,1,1,3,3,6,2,2,1,1,1,1,3,3,3,3,3,3,3,3,3,3,2,3,3,3,2,3,3,2,3,3,3,2,2,1,0,0,0,0,0,0
15261120211,152,769.889329752686,891.123072159254,855.008450839654,1,0,1,12,4,5,1,1,1,1,1,1,1,3,2,3,1,1,0,3,1,6,3,2,2,1,1,1,2,2,2,2,2,2,2,3,3,3,3,2,2,2,2,2,2,3,3,3,2,2,2,1,0,0,0,0,0,0
15260860221,152,736.928548663219,660.792962513479,754.755959887372,0,1,0,12,3,4,1,1,1,0,1,1,0,3,1,2,1,1,0,3,1,4,3,3,2,2,2,1,3,3,3,3,2,3,2,3,3,3,3,2,2,3,3,3,3,2,3,2,3,3,3,1,0,0,0,0,0,0
15261340106,152,868.7581507888,787.895636127489,783.38611365402,1,0,0,12,3,3,1,1,1,0,1,1,1,3,1,1,1,1,1,2,1,4,3,3,2,1,1,1,3,3,3,3,3,3,3,3,2,3,2,3,3,3,3,3,2,3,2,3,3,2,2,1,0,0,0,0,0,0
15260290228,152,810.211148626261,933.044130210279,956.142027903091,0,0,0,11,5,5,1,1,1,0,1,1,1,3,3,1,1,1,3,1,1,6,2,3,1,2,2,2,1,1,1,1,2,2,2,2,2,3,2,2,2,3,1,2,3,2,2,2,1,3,3,1,0,0,0,0,0,0
15261680208,152,879.536648597864,921.2830252568,920.501348268822,1,0,1,12,5,5,1,1,1,1,1,1,1,1,1,2,1,1,0,1,1,6,2,3,2,1,2,1,3,3,3,2,3,3,2,3,3,2,2,2,2,2,3,3,2,3,NA,2,3,2,3,1,0,0,0,0,0,0
15261520221,152,662.61459751595,845.207036169785,782.010244112472,1,0,0,12,2,2,1,1,1,0,1,1,0,2,1,1,1,1,0,3,0,6,2,2,2,1,1,1,2,2,3,2,2,2,2,3,3,3,3,3,3,2,2,2,2,1,2,2,2,2,2,1,0,0,0,0,0,0
15261080220,152,711.244424554565,660.792962513479,620.509501329898,1,0,1,12,6,6,1,1,0,1,1,1,1,2,1,3,1,1,1,0,2,4,3,2,2,2,2,1,2,2,3,2,3,2,2,1,3,2,3,3,3,3,2,3,3,3,2,3,2,3,3,1,0,0,0,1,0,0
15261000223,152,932.529811718045,852.939585977527,1042.1072331922,1,0,0,12,5,5,1,1,1,0,0,1,1,3,1,NA,2,1,3,1,1,6,3,2,2,1,2,1,2,3,2,2,3,2,3,3,3,3,2,3,2,2,2,3,2,3,2,3,2,1,3,1,0,0,0,0,0,0
15260370214,152,568.580688040239,634.097385591464,570.654690811188,0,0,1,12,NA,NA,1,1,0,0,1,0,0,3,1,2,1,1,3,1,1,1,2,3,3,2,2,1,3,3,3,3,2,2,2,2,2,2,2,2,2,2,2,2,2,2,2,2,2,2,2,1,0,0,0,0,0,0
15261560201,152,727.47378480176906,620.264505839953,826.489401061913,1,0,1,12,3,4,1,1,1,0,0,1,1,3,2,2,2,1,2,2,3,6,3,2,2,1,1,1,3,3,3,3,2,3,3,3,3,2,2,2,2,2,3,3,2,3,2,3,2,3,3,1,0,0,0,1,0,0
15260060117,152,678.080195869449,693.829399146748,732.506338614645,0,0,1,12,3,3,1,1,1,1,1,1,1,3,2,2,1,2,0,3,1,2,3,2,2,1,2,1,1,2,2,3,2,2,2,3,2,2,2,NA,NA,NA,NA,NA,NA,NA,NA,NA,NA,NA,NA,NA,NA,NA,NA,NA,NA,NA
15261220131,152,878.379768151988,861.259759448302,1075.07549402581,1,0,0,12,4,4,1,1,1,1,1,1,1,3,0,3,1,1,1,2,1,3,2,2,1,2,1,1,2,3,3,2,3,3,2,3,3,3,2,2,2,1,2,1,2,2,2,2,2,2,3,1,0,0,0,0,0,0
15260530109,152,696.479553042866,787.895636127489,765.544228786245,0,1,1,13,2,3,1,1,0,0,1,0,1,2,1,0,1,1,1,2,0,4,2,3,2,2,2,2,2,3,3,3,3,3,3,3,3,3,2,3,3,3,3,3,2,3,3,3,2,3,3,2,0,1,0,1,0,0
15261380101,152,744.839526945012,774.412789467286,716.556646935781,1,0,1,12,3,3,1,1,1,1,1,1,0,3,2,3,1,1,1,3,0,6,2,2,2,1,1,1,2,2,3,2,2,3,3,3,3,3,2,3,1,2,3,3,2,3,2,2,2,2,3,1,0,0,0,0,0,0
15261560243,152,885.184388722333,682.652865440504,899.109955495348,1,0,0,12,NA,NA,NA,NA,NA,NA,NA,NA,NA,NA,NA,NA,NA,NA,NA,NA,NA,NA,NA,NA,NA,NA,NA,NA,NA,NA,NA,NA,NA,NA,NA,NA,NA,NA,NA,NA,NA,NA,NA,NA,NA,NA,NA,NA,NA,NA,NA,NA,NA,NA,NA,NA,NA,NA
15260730113,152,784.854428123014,664.971456102599,841.20973212991,0,1,0,12,NA,NA,1,1,0,1,0,1,1,1,1,2,1,1,2,0,1,5,2,2,2,1,1,2,3,3,2,2,2,2,2,3,3,2,2,2,2,2,2,2,2,2,2,2,2,2,2,1,0,0,0,0,0,0
15260200117,152,769.889329752686,686.884228713883,754.755959887372,0,0,1,12,4,5,1,1,0,0,1,0,1,3,2,1,1,1,1,2,1,5,3,2,2,2,1,1,2,3,3,3,3,3,2,2,2,NA,3,3,2,2,3,3,2,2,2,3,3,3,3,1,0,0,0,0,0,0
15260930222,152,858.170757505403,789.787448899724,715.91883067435,1,0,1,12,4,4,NA,NA,NA,0,1,1,NA,2,1,2,1,1,1,2,1,5,2,2,1,2,2,1,2,3,3,2,3,2,2,3,3,3,2,3,2,3,3,2,2,2,1,2,2,2,2,1,0,0,0,0,0,0
15261680215,152,861.1171267635,824.283531453676,891.776101262241,1,0,1,13,3,5,1,1,1,1,1,1,1,3,2,2,1,1,1,3,2,3,3,2,2,1,1,1,2,3,2,2,3,2,3,3,3,3,3,2,1,1,2,2,1,3,2,1,1,1,3,1,0,0,0,0,0,0
15241180108,152,984.587215282946,926.401786267859,955.021655012284,1,0,1,12,5,4,1,1,1,0,1,1,1,3,3,3,1,1,0,3,3,5,3,2,2,2,2,1,2,1,2,1,2,3,3,3,3,3,3,3,3,3,3,2,1,2,3,1,3,3,3,1,0,0,0,0,0,0
15260810102,152,835.480741482186,643.818611034816,620.509501329898,0,1,0,13,6,6,1,1,1,0,0,1,1,2,0,1,1,1,2,0,1,2,2,3,3,1,1,1,2,2,2,3,3,3,3,3,3,3,2,2,1,3,3,3,3,2,2,3,3,3,3,1,0,0,0,0,0,0
15260600104,152,819.87905389442,789.787448899724,784.334728528051,0,1,1,12,4,2,1,1,1,0,1,0,0,1,1,0,1,1,2,0,1,4,3,3,2,1,1,1,3,3,3,3,3,3,3,3,3,3,1,3,3,3,3,3,2,2,2,3,2,3,3,1,0,0,1,1,0,0
15261470122,152,641.82099337517,693.829399146748,753.317023249181,1,0,1,12,2,2,1,1,1,0,1,0,1,1,1,0,1,1,2,1,1,2,3,2,3,1,1,1,3,3,3,2,2,3,3,3,3,3,3,3,3,3,2,3,2,3,3,2,2,3,3,1,0,0,0,0,0,0
15261600204,152,739.289227960425,972.404916702324,783.707674904887,1,0,1,12,3,2,1,1,1,1,1,1,1,3,1,2,1,2,3,1,0,5,2,3,2,1,1,1,3,3,3,3,3,3,3,3,3,3,2,3,3,3,3,3,3,2,2,3,3,3,3,1,0,0,0,0,0,0
15260370230,152,758.481775739456,726.647172503127,569.511172297042,0,0,0,12,5,5,1,1,0,1,1,1,0,3,1,1,1,NA,1,2,1,3,3,3,3,1,2,1,2,2,2,1,2,3,2,3,2,2,2,2,1,2,2,2,2,2,2,NA,3,1,2,1,1,1,1,1,0,0
15261650230,152,825.863996733009,869.013854639774,891.776101262241,1,0,1,12,3,3,1,1,1,0,1,1,1,3,2,3,1,1,1,3,0,6,2,3,2,1,1,1,3,2,3,3,3,3,3,3,3,3,3,3,3,3,3,3,3,2,3,2,3,3,3,1,1,0,0,0,0,0
15261090212,152,814.844684373191,829.873710286403,802.106017825931,1,0,1,13,4,4,1,1,1,1,1,1,1,3,2,3,1,1,1,3,3,5,2,3,1,1,1,1,3,3,3,3,3,3,3,3,3,3,2,3,2,2,3,3,2,2,2,2,2,2,3,2,0,0,0,0,0,0
15261900130,152,789.288001701545,647.569660885119,724.630357094242,1,1,0,12,3,3,1,1,1,0,1,1,0,2,1,1,1,1,1,3,0,4,3,2,2,1,1,1,3,3,3,3,3,2,3,3,3,3,2,3,3,3,3,3,3,3,3,3,3,3,3,1,0,0,0,1,0,0
15260220201,152,672.582121199344,791.599892435478,660.069058637759,0,0,0,12,3,3,1,1,1,0,1,1,1,3,2,1,1,1,0,2,0,4,2,2,3,2,1,1,3,3,3,3,3,2,3,3,2,3,1,3,3,3,3,3,3,3,3,3,3,3,3,1,1,1,0,0,0,0
15261560212,152,703.730029578287,926.401786267859,715.91883067435,1,0,1,12,6,6,1,1,1,0,0,0,0,1,1,1,1,1,1,0,0,3,3,2,2,1,1,1,2,3,3,2,2,3,3,3,2,2,3,2,2,2,3,NA,3,3,2,2,2,2,3,1,0,0,0,1,1,0
15260230230,152,736.928548663219,669.566631010833,696.076945443166,0,0,0,12,2,3,1,1,1,0,1,0,1,2,1,1,1,1,1,0,1,2,2,2,2,1,1,1,1,2,2,2,2,3,3,3,2,3,3,3,1,3,3,3,3,1,3,3,3,3,3,1,0,0,0,0,0,0
15260060108,152,632.500853793072,605.940340639263,608.659300876929,0,0,0,12,NA,NA,1,1,1,1,1,1,0,3,3,2,2,3,2,3,3,6,3,3,3,2,2,3,2,3,3,3,3,3,3,3,3,3,3,3,3,3,3,3,3,3,3,2,1,2,3,1,1,0,0,0,0,0
15261350128,152,799.820972702492,880.474156220866,802.106017825931,1,0,0,12,NA,2,1,1,1,0,0,0,1,1,1,0,1,1,0,0,0,3,2,2,1,1,1,1,3,3,3,3,3,3,3,3,3,3,1,3,2,3,3,3,3,3,3,3,3,3,3,1,0,0,0,0,0,0
15261920124,152,696.479553042866,757.601364788394,833.543125254815,1,1,1,12,NA,2,1,1,1,1,1,1,1,3,2,2,1,1,0,3,3,3,3,1,3,1,1,1,3,3,2,1,3,3,3,3,3,3,3,3,2,3,3,3,3,3,3,3,3,3,3,1,0,0,0,1,0,0
15261750322,152,746.248758836519,730.59628546646,541.759563511896,1,0,0,12,4,4,1,1,1,0,1,1,1,3,1,3,2,1,1,2,3,1,3,1,2,2,2,1,2,2,1,1,1,1,1,2,2,2,3,3,2,2,1,1,1,3,1,1,1,1,1,1,0,0,0,1,0,0
15261920108,152,769.889329752686,643.818611034816,675.696447191491,1,1,0,12,6,6,1,1,1,1,1,1,0,3,1,2,1,1,0,3,1,2,2,2,3,1,1,1,3,2,3,2,3,3,3,3,3,3,1,2,2,2,2,2,2,2,2,2,3,2,2,1,0,0,0,1,1,0
15261910124,152,1020.5022917693,922.415352957761,846.947584308789,1,1,1,12,NA,NA,1,1,1,0,0,1,1,3,1,1,1,1,2,1,1,6,3,2,1,1,1,1,3,3,3,2,2,3,2,3,3,3,2,2,2,2,1,2,3,2,2,2,3,2,2,1,0,0,0,0,0,0
15261460103,152,746.248758836519,693.829399146748,711.655407960354,1,0,0,12,2,3,1,1,1,0,0,0,0,1,1,1,1,1,2,3,1,2,2,2,2,1,1,1,2,2,3,2,2,3,3,3,3,3,3,3,2,2,3,3,3,3,3,2,2,3,3,1,0,1,1,1,0,0
15261160130,152,868.7581507888,933.044130210279,783.38611365402,1,0,0,13,5,5,1,1,1,1,1,1,1,2,2,3,1,1,0,3,1,4,2,3,1,1,2,1,3,2,3,3,2,2,2,2,2,2,3,2,2,3,2,3,3,3,2,2,2,3,3,1,0,0,0,0,0,0
15261650214,152,769.889329752686,819.979720118117,877.247556556286,1,0,0,13,3,4,1,1,1,1,1,1,NA,3,2,2,1,1,1,2,1,6,3,2,3,2,1,1,2,3,3,3,3,NA,2,2,3,3,2,2,3,2,2,2,1,3,1,2,1,2,2,1,0,0,0,0,0,0
15260970218,152,821.042100412233,840.254449590615,774.09406277467,1,0,0,12,5,5,1,1,0,1,1,1,0,3,1,3,1,1,0,3,1,6,2,2,2,2,2,1,2,3,2,2,2,2,3,2,2,2,2,2,2,2,2,2,2,3,2,2,2,2,2,1,0,0,0,0,0,0
15260330231,152,658.462980198051,590.965274807808,508.74282924907,0,0,0,12,6,6,1,0,0,0,1,1,0,3,2,1,1,0,0,0,0,6,2,3,3,2,2,1,2,2,1,NA,1,2,2,2,2,2,3,2,2,2,1,1,2,2,2,1,2,1,2,1,1,0,1,1,0,0
15261870108,152,922.152892158028,833.132483220304,765.544228786245,1,1,1,12,2,4,1,1,1,0,1,1,1,2,2,1,1,1,1,1,1,6,2,2,2,2,1,1,3,3,3,NA,3,3,3,3,3,3,2,3,3,3,3,3,3,3,3,3,3,3,3,1,0,0,0,0,0,0
15260130111,152,728.898184803912,671.774278450193,647.468471386256,0,0,1,12,3,5,0,1,1,0,1,1,1,3,2,1,1,1,1,3,0,2,2,3,2,2,1,1,3,1,1,1,2,2,1,2,3,3,2,2,2,2,3,2,1,2,3,2,1,2,3,1,0,0,0,0,0,0
15260350201,152,1007.09838415554,698.831227300814,665.591702244863,0,0,0,12,2,2,1,1,1,1,1,1,1,3,1,2,2,1,0,3,1,2,3,2,2,1,1,2,2,3,3,3,3,3,2,3,2,3,2,2,1,3,2,3,3,2,2,2,3,3,3,1,0,0,0,0,0,0
15260070114,152,792.771434186544,857.424671279448,749.224327285214,0,0,1,12,4,4,1,1,1,0,1,1,1,3,1,2,1,1,3,0,0,5,3,2,3,2,2,1,2,2,3,3,3,3,3,2,3,2,2,2,2,3,3,2,3,3,3,2,2,3,2,1,0,0,0,0,0,0
15260260139,152,568.580688040239,696.006021852582,664.221162044796,0,0,0,12,3,1,1,1,1,1,1,1,1,2,1,0,1,1,1,2,0,1,2,3,2,2,2,1,2,2,3,2,2,2,3,2,2,2,3,2,2,2,2,2,2,2,2,2,2,2,2,1,0,0,0,1,0,0
15261540103,152,729.34512063229,763.331321493914,732.506338614645,1,0,0,13,3,3,1,1,1,0,1,0,1,3,1,1,1,1,2,0,1,2,3,2,3,2,2,2,2,2,2,2,1,1,1,2,2,2,3,2,2,3,2,2,2,3,1,3,2,2,2,2,0,0,0,1,0,0
15261030107,152,944.322253606283,712.603133311372,704.440859011235,1,0,0,12,6,5,1,1,0,0,1,1,1,2,3,1,1,1,0,3,1,6,3,1,2,1,1,1,1,2,1,1,1,1,2,2,3,2,3,2,2,2,2,3,1,2,2,1,2,2,2,1,0,0,0,0,0,0
15261050110,152,977.263164611143,921.2830252568,910.169896640932,1,0,0,12,5,5,1,1,1,1,1,1,1,3,3,3,1,1,2,3,2,6,2,2,2,2,1,1,2,3,2,2,2,3,2,2,2,2,2,2,2,2,3,3,2,2,2,2,2,2,2,1,0,0,0,0,0,0
15260160122,152,835.480741482186,789.787448899724,826.489401061913,0,0,1,12,3,3,1,1,1,NA,1,1,NA,2,1,1,1,1,3,0,1,3,2,3,NA,2,1,1,3,2,2,2,2,2,2,3,3,2,2,2,1,2,2,2,2,2,2,3,3,2,2,1,0,0,0,0,0,0
15260320230,152,669.315890989793,630.976475564132,632.327097231259,0,0,0,12,NA,NA,NA,NA,NA,NA,NA,NA,NA,NA,NA,NA,NA,NA,NA,NA,NA,NA,NA,NA,NA,NA,NA,NA,NA,NA,NA,NA,NA,NA,NA,NA,NA,NA,NA,NA,NA,NA,NA,NA,NA,NA,NA,NA,NA,NA,NA,NA,NA,NA,NA,NA,NA,NA
15261420120,152,725.406787510287,787.895636127489,783.38611365402,1,0,0,11,3,NA,1,1,1,1,1,0,1,2,0,0,1,1,1,0,1,6,3,1,3,1,1,1,3,3,3,3,3,3,3,3,3,3,3,2,1,2,2,3,1,3,3,2,1,3,3,1,1,1,1,1,0,0
15261210316,152,932.503930562214,921.2830252568,660.069058637759,1,0,0,12,5,5,1,1,1,1,1,1,1,3,2,2,1,1,2,2,1,5,3,2,3,2,1,1,2,2,2,2,2,2,1,3,3,2,3,1,1,1,2,2,2,1,1,1,2,3,2,1,0,0,0,0,0,0
15261790405,152,758.481775739456,774.412789467286,743.800042847179,1,0,0,12,2,2,1,1,1,1,1,1,1,3,2,1,1,1,0,1,1,5,2,2,2,2,2,1,2,3,3,1,2,3,2,3,3,2,2,3,2,3,3,3,2,2,2,1,3,1,3,1,0,0,0,1,0,0
15241170103,152,758.772746464551,754.46955187973,873.065067817392,1,0,0,12,5,5,1,1,1,1,0,1,1,2,2,3,1,1,2,1,1,6,3,2,2,2,2,1,3,2,1,1,2,2,2,2,3,2,3,2,2,1,2,1,1,3,2,1,1,2,2,1,0,0,0,0,0,0
15261710102,152,775.302359483749,741.642854517584,663.723741187988,1,0,1,13,3,5,1,1,1,1,1,1,1,3,3,1,2,1,0,3,2,6,3,2,3,1,1,1,2,2,3,2,2,NA,2,3,2,3,3,3,3,2,2,2,2,2,1,2,2,2,3,1,0,0,0,1,0,0
15261920134,152,769.844731858955,748.422701976674,678.283429295999,1,1,1,12,NA,NA,1,1,1,0,0,0,0,NA,NA,1,1,1,3,0,0,2,2,3,2,1,1,2,3,3,3,3,3,3,3,3,3,3,2,2,2,3,NA,3,2,2,2,3,3,2,2,1,0,0,0,0,0,0
15260130122,152,678.080195869449,716.985519714093,598.407632559453,0,0,0,12,6,6,1,1,1,0,1,1,1,3,3,2,1,1,0,3,0,2,3,1,3,2,2,2,3,3,3,1,NA,3,2,2,3,1,2,1,1,1,2,1,1,3,2,1,1,2,1,1,1,1,1,1,0,0
15260060112,152,696.479553042866,685.247661508231,586.387609441172,0,0,0,14,NA,NA,1,1,1,0,1,0,0,3,2,0,2,1,0,3,0,6,3,2,3,2,1,1,2,3,3,3,3,3,2,3,3,3,2,3,3,3,3,3,3,3,3,3,2,3,3,2,0,0,0,1,1,0
15261590224,152,679.791176766517,771.520866736981,535.649924855406,1,0,1,12,2,2,1,1,NA,1,1,1,1,3,1,1,1,2,3,2,0,2,3,1,3,1,1,1,2,2,2,1,2,2,1,2,3,2,2,2,3,1,2,2,3,2,3,3,3,2,2,1,0,0,0,1,0,0
15260380319,152,799.820972702492,858.040399938525,841.20973212991,0,0,1,12,6,6,1,1,1,1,1,1,NA,1,2,1,1,3,1,1,3,3,2,2,2,1,1,1,3,3,3,3,3,3,3,3,3,3,2,2,2,3,3,3,2,2,2,2,1,2,2,1,0,0,0,0,0,0
15241140120,152,758.772746464551,896.636802850535,960.826169157637,1,0,0,12,6,6,1,1,NA,1,1,1,1,2,1,2,1,1,0,3,1,2,3,2,2,1,1,1,3,3,2,2,3,3,3,3,3,3,3,3,2,2,2,3,2,2,1,1,3,3,3,1,0,0,1,0,0,0
15241440112,152,669.315890989793,669.566631010833,696.076945443166,1,0,0,12,6,6,1,1,1,1,1,0,1,3,1,1,1,1,0,0,0,4,2,1,2,1,1,3,3,3,3,3,3,3,3,3,3,3,2,3,1,3,3,3,2,3,3,3,3,3,2,1,0,0,0,1,0,0
15261920107,152,944.322253606283,845.207036169785,924.026853924325,1,1,1,12,3,3,1,1,1,0,1,1,1,3,1,1,1,1,1,3,1,5,3,2,3,1,1,1,3,3,3,3,3,3,3,3,3,3,3,3,2,3,3,3,3,2,3,2,3,3,3,1,0,0,0,0,0,0
15261220119,152,984.587215282946,1051.81699479446,1026.00723369426,1,0,0,12,4,5,1,1,1,1,1,1,1,3,2,3,1,1,2,3,3,6,2,2,2,2,3,1,2,2,1,1,2,2,2,2,2,3,2,3,1,1,2,2,2,2,1,2,2,3,3,1,1,1,0,1,0,0
15261510131,152,696.479553042866,698.831227300814,628.433773981081,1,0,0,12,4,4,1,1,1,1,1,1,1,3,2,1,1,1,0,3,1,2,3,2,2,1,1,2,2,2,2,2,2,3,2,2,3,2,3,1,2,3,3,2,3,3,2,1,2,2,2,1,0,0,0,0,0,0
15241730341,152,774.07309766787,863.450270478581,764.180669159736,1,0,0,12,5,5,1,1,NA,1,1,0,1,3,3,3,1,1,1,3,1,6,3,3,3,3,3,3,3,3,3,3,3,3,3,3,2,3,3,3,2,3,3,3,3,3,3,3,3,1,2,1,1,NA,0,0,0,0
15261390130,152,792.771434186544,811.726714003948,732.934290711769,1,0,0,13,3,NA,1,1,1,NA,1,1,1,1,2,2,1,1,0,1,0,4,3,2,2,1,2,1,3,3,3,2,2,3,3,3,3,2,2,2,1,3,3,3,3,2,1,1,2,2,2,2,0,0,0,0,0,0
15241730324,152,1036.60858841237,972.404916702324,969.911438875634,1,0,0,12,5,5,1,1,1,0,0,0,1,3,1,3,1,2,3,0,2,6,2,2,3,1,1,1,2,2,2,2,1,1,1,2,2,2,3,2,2,2,2,2,2,2,2,2,3,2,3,1,0,0,1,1,0,0
15261500223,152,786.576629165057,771.440359779417,793.59660449715,1,0,1,12,2,5,1,1,1,0,1,1,1,3,2,3,1,1,0,3,0,3,2,3,1,1,1,1,3,3,3,3,3,3,2,3,2,3,1,2,2,2,2,2,3,3,1,2,1,2,2,1,0,0,0,1,1,0
15260770105,152,836.438130653331,834.710937142608,753.317023249181,0,1,1,12,2,NA,1,1,1,0,0,0,1,2,1,2,1,1,2,2,1,5,1,3,2,1,1,1,2,3,3,3,3,3,3,3,3,3,2,3,2,3,3,3,2,2,2,2,2,2,2,1,0,0,0,0,0,0
15260180206,152,723.520659555658,680.846579952477,765.811031204051,0,0,0,13,2,NA,1,1,1,0,1,1,1,2,2,1,1,1,1,2,0,3,3,2,3,2,1,1,2,2,3,3,2,3,2,3,3,3,2,3,2,3,3,3,2,3,2,2,3,2,3,1,0,0,0,0,0,0
15261070323,152,1020.5022917693,1079.23855343141,1150,1,0,1,12,5,5,1,1,1,1,1,1,1,2,2,3,1,1,1,3,1,6,3,3,2,1,2,1,3,3,3,2,3,3,2,3,2,3,2,2,2,1,2,3,3,2,1,2,2,2,2,1,0,0,0,0,0,0
15261680234,152,868.7581507888,922.415352957761,994.371805659615,1,0,1,12,6,5,1,1,1,1,1,1,1,1,1,1,1,1,1,2,1,2,3,3,3,1,2,1,3,3,3,2,3,3,3,3,2,3,2,2,2,1,3,3,2,3,2,3,2,3,3,1,0,0,0,0,0,0
15241040108,152,784.854428123014,829.873710286403,821.19714889962,1,0,0,12,NA,NA,1,1,1,1,1,1,1,3,1,2,2,1,0,3,2,4,3,3,2,2,1,1,3,3,3,3,3,3,3,3,3,3,3,2,2,3,3,3,2,3,3,2,3,3,3,1,0,0,0,0,0,0
15260310125,152,924.402929010597,754.584712947235,754.755959887372,0,0,0,12,2,3,1,1,0,0,0,1,1,1,1,1,1,1,2,1,1,6,2,2,2,1,1,1,3,3,3,2,3,2,3,3,3,3,2,2,2,3,3,3,2,2,2,2,2,3,3,1,0,0,0,0,0,0
15261370114,152,743.275791584459,699.937958042216,744.345111642711,1,0,1,12,3,3,1,1,1,1,1,1,1,3,2,1,1,1,3,3,0,6,3,3,3,1,1,1,3,3,3,3,2,3,2,3,3,3,3,3,3,3,3,3,3,2,3,3,3,3,2,1,0,0,0,1,0,0
15260820125,152,703.730029578287,819.979720118117,774.09406277467,0,1,0,12,3,4,1,1,NA,NA,1,1,1,3,2,1,2,2,3,3,0,5,3,2,2,2,1,1,3,3,3,3,3,3,3,3,3,3,2,3,3,3,3,3,2,2,1,3,3,3,3,1,0,0,0,0,0,1
15241730312,152,932.503930562214,921.2830252568,937.980165219589,1,0,0,12,5,5,1,1,1,1,1,1,1,3,1,3,1,1,3,3,1,6,2,2,2,1,1,1,3,3,3,3,3,3,3,3,3,3,2,2,2,3,3,3,2,2,2,3,3,2,3,1,0,0,0,0,0,0
15261350111,152,763.303074123821,763.331321493914,840.774958028732,1,0,0,13,3,2,1,1,1,0,0,0,1,2,1,0,1,1,1,0,0,6,3,2,2,1,2,1,2,3,2,2,3,3,3,3,3,3,2,2,2,3,2,2,1,2,1,2,2,2,3,2,0,0,0,1,0,0
15261240123,152,836.438130653331,1070.33153553383,840.774958028732,1,0,1,12,4,4,1,1,1,1,1,1,1,3,2,3,1,1,0,3,2,5,3,2,1,1,1,1,2,2,2,1,2,2,1,3,3,3,2,1,2,2,2,1,2,2,2,2,1,2,2,1,0,0,0,0,0,0
15261510120,152,675.366686315516,771.520866736981,540.466706925981,1,0,1,12,6,6,1,1,1,1,1,1,1,3,3,3,2,1,0,3,1,6,3,2,2,1,1,1,2,3,3,2,3,3,2,3,3,3,3,3,2,3,3,3,1,2,3,2,2,3,3,1,0,0,0,0,0,1
15260300128,152,821.042100412233,784.97010668571,715.91883067435,0,0,1,12,3,3,1,1,1,0,1,1,1,3,1,2,1,1,0,3,0,2,2,3,2,1,1,1,3,3,3,3,3,3,3,3,3,3,1,2,2,3,3,2,3,2,2,2,3,3,3,1,0,0,0,0,0,0
15261630223,152,953.681304580454,915.605042792663,910.169896640932,1,0,0,12,6,5,1,1,1,1,1,1,1,3,2,3,1,2,2,2,2,4,3,2,3,2,1,1,2,3,2,1,2,3,2,2,2,3,3,2,1,2,2,3,2,3,2,2,2,3,3,1,0,0,0,1,0,0
15261460133,152,763.303074123821,829.873710286403,953.467652909692,1,0,1,13,2,3,1,1,1,0,1,0,1,1,2,1,1,1,1,3,0,6,3,2,3,1,1,1,2,3,3,2,3,3,2,2,3,3,3,3,3,3,3,2,1,2,3,3,2,2,3,2,0,0,0,1,0,0
15261450134,152,786.576629165057,754.46955187973,754.755959887372,1,0,0,12,6,6,1,1,1,0,0,0,1,3,2,2,1,1,3,0,1,4,3,2,2,1,2,2,3,3,3,2,2,3,3,3,3,3,2,3,2,3,2,3,2,3,2,2,2,2,2,1,0,0,0,0,0,0
15260690104,152,775.302359483749,669.240310231574,642.289120208361,0,1,1,12,2,3,NA,NA,NA,NA,NA,0,1,2,0,1,2,2,1,3,2,3,2,3,2,1,1,1,2,3,3,3,2,3,3,3,3,3,2,3,2,3,3,3,3,2,3,3,3,3,3,1,0,0,0,0,0,0
15261450125,152,904.320183852272,791.599892435478,817.750191520322,1,0,0,12,3,3,1,1,1,1,1,1,1,3,2,1,1,1,2,3,1,4,2,3,2,1,1,1,3,3,3,3,3,3,3,3,3,3,2,3,2,3,3,3,2,2,3,3,3,3,3,1,0,0,0,0,0,0
15261650244,152,803.576182068136,810.175991931238,855.008450839654,1,0,1,12,5,4,1,1,1,0,0,1,1,3,1,1,1,1,2,1,1,6,3,2,2,1,1,1,2,2,3,2,2,2,2,2,1,2,2,2,3,2,2,2,2,3,2,3,2,2,2,1,0,0,0,1,0,0
15260640106,152,835.480741482186,789.787448899724,873.065067817392,0,1,0,12,2,2,1,1,1,0,0,0,1,3,2,1,1,1,3,0,1,3,2,2,2,2,1,1,3,2,2,2,2,2,2,3,2,3,2,3,2,2,2,2,2,2,2,2,2,2,2,1,0,0,0,0,0,0
15261190422,152,712.812180507236,845.207036169785,765.544228786245,1,0,0,12,3,5,1,1,1,1,1,1,1,2,1,1,1,1,0,3,2,2,3,2,3,1,2,1,2,3,2,2,2,3,1,3,3,2,3,2,1,3,2,2,2,3,2,3,2,2,2,2,0,0,0,0,0,0
15260760115,152,562.637621852716,599.868622330838,765.544228786245,0,1,0,13,6,6,1,1,1,0,1,0,1,3,2,0,1,1,2,0,0,3,2,2,2,1,1,2,2,3,3,3,2,3,3,3,3,3,2,2,2,2,2,2,2,2,2,2,3,1,2,1,0,0,NA,1,0,0
15260180204,152,736.928548663219,754.584712947235,754.755959887372,0,0,0,13,NA,NA,1,1,0,0,0,0,0,3,2,2,1,1,0,3,0,2,3,2,2,1,1,1,1,2,3,2,2,3,3,3,3,3,2,3,2,3,3,3,3,2,2,2,2,2,3,1,0,0,0,0,0,0
15260320204,152,728.898184803912,824.283531453676,765.544228786245,0,0,1,12,6,6,1,1,1,1,1,1,1,3,1,2,1,1,2,2,1,4,3,2,3,2,2,2,2,3,3,2,2,3,2,2,3,2,2,2,2,1,2,2,2,2,1,2,2,2,2,1,0,0,0,1,0,0
15261790426,152,739.289227960425,680.846579952477,713.512552266962,1,0,0,14,3,3,1,1,1,1,1,1,1,1,1,1,1,1,1,0,1,6,2,2,3,2,2,1,3,3,2,2,2,3,2,3,3,3,2,2,2,2,3,2,3,2,2,2,2,3,3,4,0,0,1,1,0,0
15261110121,152,669.315890989793,682.652865440504,696.076945443166,1,0,0,13,5,5,1,1,1,1,1,1,1,3,2,1,2,2,0,3,2,5,2,3,1,2,1,1,3,3,3,3,3,3,3,3,3,3,3,2,3,3,3,3,3,3,3,3,3,3,3,1,0,0,0,0,0,0
15260970224,152,803.576182068136,738.847160220236,715.91883067435,1,0,0,12,5,5,1,1,1,0,1,1,1,3,2,3,1,1,0,3,2,6,2,2,2,1,1,1,3,2,3,1,3,1,1,3,3,3,2,3,3,3,1,3,2,2,1,3,1,2,2,1,0,0,0,0,0,0
15261760214,152,1081.66461165825,857.424671279448,846.947584308789,1,0,1,12,4,5,1,1,1,1,1,1,1,3,2,3,1,1,0,3,2,5,2,2,1,1,1,1,3,2,1,1,3,3,3,3,3,3,2,3,3,2,2,3,2,2,2,2,2,2,2,1,0,0,0,0,0,0
15241730333,152,758.481775739456,805.359816580475,824.852634341359,1,0,1,12,4,6,1,1,1,1,1,1,NA,2,1,1,1,1,2,1,0,6,3,2,1,1,2,1,3,3,3,3,3,3,3,3,3,3,2,3,3,3,3,3,2,2,2,3,3,2,2,1,0,0,0,0,0,0
15261400113,152,728.898184803912,683.11426939796,665.591702244863,1,0,0,12,1,1,1,1,0,0,1,1,1,1,1,0,1,0,1,0,0,3,3,2,3,2,1,2,2,3,3,3,3,3,3,3,3,3,3,3,3,3,3,3,3,3,3,3,3,3,3,1,0,0,0,0,0,0
15260920106,152,946.429002528678,869.013854639774,891.776101262241,1,0,0,11,5,4,1,1,1,1,1,1,1,3,3,3,1,1,0,3,1,6,2,3,1,1,1,2,3,2,3,3,3,3,3,2,3,3,1,3,2,3,3,3,2,3,2,3,2,2,3,1,0,0,0,0,0,0
15261670227,152,739.289227960425,748.422701976674,641.190245977511,1,0,0,13,6,6,1,1,1,1,1,1,1,3,2,2,1,1,0,3,0,3,2,3,2,1,1,1,3,3,3,2,2,2,3,3,3,2,2,2,1,3,2,2,2,3,1,2,2,1,2,1,0,0,0,0,0,0
15260840132,152,817.002471806403,730.59628546646,753.317023249181,0,1,0,12,6,6,1,1,1,0,0,0,1,1,0,0,1,0,1,0,0,3,2,2,2,3,3,2,3,3,3,2,2,2,2,2,2,2,2,2,2,2,2,2,2,2,2,2,2,2,2,2,0,0,0,0,0,0
15261250422,152,924.402929010597,810.175991931238,813.446773133039,1,0,1,12,5,6,1,1,NA,1,1,1,1,3,3,3,1,2,0,3,3,6,2,2,1,1,1,1,2,2,2,2,2,3,2,3,3,2,2,3,2,3,3,3,3,1,2,2,2,2,2,1,0,0,0,0,0,0
15260320209,152,660.284870158124,795.952932222907,865.169380489376,0,0,0,12,NA,NA,1,1,1,1,1,1,1,3,2,2,1,1,2,1,0,6,2,3,3,2,1,1,3,3,3,2,3,3,3,3,3,3,2,2,3,2,3,3,3,2,2,2,3,3,3,1,1,1,0,1,0,0
15260810135,152,562.637621852716,824.283531453676,628.433773981081,0,1,1,12,2,2,1,0,1,0,1,0,0,3,1,0,1,2,NA,2,0,3,2,2,2,2,1,3,3,3,3,3,3,3,3,3,3,2,2,2,1,3,3,3,3,3,2,1,1,2,2,1,0,0,0,0,0,0
15261740338,152,729.34512063229,759.400762135943,646.65924211913,1,0,0,12,6,6,1,1,NA,1,1,1,1,3,1,2,1,1,2,1,2,5,3,2,3,1,2,3,2,2,3,3,2,3,2,3,3,3,3,3,3,3,3,3,2,2,2,3,3,3,3,1,0,0,0,1,0,0
15261410107,152,694.450952545372,819.979720118117,805.021852741926,1,0,1,12,4,3,1,1,1,1,1,1,1,3,1,1,1,1,2,1,0,6,3,2,1,1,1,1,3,3,3,3,3,3,3,3,3,3,1,2,2,3,3,3,3,3,3,3,3,3,2,1,0,0,0,0,0,0
15261570132,152,695.410281742729,716.985519714093,690.561387243772,1,0,0,11,3,3,1,1,1,1,1,1,1,3,2,2,1,1,2,3,1,6,3,2,1,1,1,1,2,2,2,2,2,3,2,3,3,2,3,3,2,3,2,2,1,3,2,2,2,2,2,1,0,0,0,0,0,0
15261750332,152,1026.80152421025,863.450270478581,927.950888810507,1,0,0,12,6,6,1,1,1,0,1,1,1,3,3,3,1,1,2,3,1,6,2,2,1,1,1,1,3,1,2,1,2,2,2,3,3,3,2,2,2,2,2,2,3,3,2,3,2,2,2,1,0,0,0,1,0,0
15261480204,152,669.315890989793,723.963949505516,696.076945443166,1,0,0,15,6,6,1,1,1,0,1,1,0,3,1,1,1,1,1,2,1,5,3,2,3,1,1,1,3,3,3,3,3,3,3,3,3,3,2,3,3,3,3,3,1,2,2,1,3,3,3,3,0,0,0,0,0,0
15240850221,152,798.493676630661,921.2830252568,711.655407960354,0,1,1,12,3,3,1,1,1,1,1,1,1,3,2,2,2,1,1,3,0,6,3,2,2,1,1,1,1,3,3,3,3,3,3,3,3,3,2,3,3,3,3,3,2,3,3,3,3,2,3,1,0,0,0,0,0,0
15261910119,152,858.170757505403,896.636802850535,813.446773133039,1,1,0,12,6,6,1,1,1,0,1,0,1,2,1,1,1,1,0,3,1,5,2,3,2,2,1,2,1,2,2,2,2,3,3,3,2,3,1,3,3,3,3,3,2,3,2,1,3,3,3,1,0,0,0,0,0,0
15260270217,152,729.34512063229,730.59628546646,753.317023249181,0,0,1,12,3,6,1,1,1,1,0,0,1,3,2,0,1,1,0,1,0,5,2,3,NA,1,1,1,3,2,3,2,3,3,3,3,3,3,2,2,2,3,3,3,2,2,2,2,3,2,3,1,0,0,0,0,0,0
15260730109,152,744.839526945012,641.765195530861,782.010244112472,0,1,1,13,3,3,1,1,1,1,0,1,1,3,2,3,1,1,0,3,2,6,3,2,2,2,2,2,2,2,3,2,2,2,3,2,2,2,2,2,1,2,2,1,2,2,2,2,2,2,2,2,0,0,0,0,0,0
15261370102,152,758.772746464551,769.305214794915,826.489401061913,1,0,1,12,3,3,1,1,1,1,1,1,1,3,1,3,2,1,1,3,1,3,3,2,2,1,1,1,3,3,3,3,3,3,3,3,3,3,1,3,2,3,3,3,3,3,3,3,3,3,3,1,0,0,0,0,0,0
15261510116,152,711.244424554565,863.450270478581,724.630357094242,1,0,0,13,3,3,1,1,1,0,1,0,0,3,1,2,1,1,1,2,0,2,2,2,1,2,1,1,3,2,3,3,2,2,3,2,2,3,3,2,1,3,2,3,2,2,1,2,2,3,3,1,0,0,0,0,1,0
15261660209,152,809.125587361668,805.359816580475,798.742579493849,1,0,1,11,5,5,1,1,1,0,1,1,1,1,0,1,1,1,1,2,0,6,2,2,2,1,2,1,3,2,3,3,3,3,3,3,2,3,2,2,2,3,3,3,2,2,3,3,3,3,3,1,0,0,0,0,0,0
15261380115,152,736.928548663219,673.866863289994,715.91883067435,1,0,0,12,NA,NA,1,1,0,1,1,1,1,3,2,2,1,2,1,2,0,5,2,2,2,2,1,1,2,3,2,2,2,3,2,3,3,2,2,2,2,3,3,2,2,3,2,1,2,3,2,NA,1,1,0,0,0,1
15261400111,152,739.289227960425,763.331321493914,730.865360950977,1,0,0,12,NA,2,1,1,1,1,1,1,1,1,2,1,1,1,0,0,2,4,3,2,2,1,2,3,2,2,2,1,2,2,2,3,2,3,3,2,1,2,2,3,2,3,2,2,2,2,2,1,0,0,0,0,0,0
15261320103,152,658.060683075617,757.601364788394,642.289120208361,1,0,0,15,1,NA,1,1,1,0,1,1,0,3,0,2,1,1,2,1,0,1,3,2,3,1,1,1,2,3,3,3,3,3,3,3,3,3,3,2,3,3,3,3,2,2,2,2,3,2,3,1,0,0,0,0,0,0
15260090102,152,695.410281742729,568.230086876908,732.506338614645,0,0,0,13,3,3,1,1,1,0,1,1,1,3,1,3,1,1,2,2,0,6,2,1,3,2,2,1,1,1,1,1,1,1,1,2,1,3,2,2,2,2,2,1,1,3,NA,3,2,3,3,2,1,1,1,1,0,0
15261700123,152,966.020818864017,972.404916702324,1042.1072331922,1,0,0,12,5,5,1,1,1,0,1,1,1,3,1,1,1,1,1,3,2,5,3,2,2,1,1,1,2,2,2,2,3,3,3,3,3,3,3,2,2,3,3,2,2,3,3,2,2,2,3,1,0,0,0,0,0,0
15260900105,152,900.243306014754,897.252014371893,913.876239201983,1,0,0,12,5,6,1,1,1,0,1,1,1,2,1,1,1,1,1,1,1,6,2,2,3,1,2,1,2,2,2,2,2,3,2,3,3,3,3,2,2,1,2,2,2,2,1,2,2,2,1,1,0,1,0,1,0,0
15260690118,152,774.07309766787,726.518530377495,927.950888810507,0,1,1,13,2,4,1,1,1,0,1,1,1,2,2,2,1,1,0,2,1,4,3,2,2,1,1,1,3,3,3,3,3,2,3,2,3,3,3,3,3,3,2,3,2,3,3,3,3,3,3,1,0,0,0,0,0,0
15261410110,152,744.839526945012,698.831227300814,749.224327285214,1,0,1,13,3,2,1,1,1,0,0,0,1,2,1,1,1,1,0,0,1,5,2,3,2,1,1,1,2,2,3,3,3,3,3,3,2,3,3,1,2,3,3,2,2,2,2,3,1,2,2,1,1,1,1,1,1,0
15260800120,152,825.863996733009,792.333010542342,732.934290711769,0,1,0,12,2,6,1,1,1,0,0,0,0,1,1,0,1,1,NA,0,0,3,2,3,2,1,1,1,2,3,3,2,2,2,3,3,3,3,2,2,2,3,3,3,3,2,2,2,2,3,2,3,0,0,0,0,0,0
15261240125,152,868.7581507888,869.013854639774,924.026853924325,1,0,1,12,6,6,1,1,1,1,1,1,1,3,2,3,1,1,1,1,2,5,3,2,1,1,1,1,2,1,2,1,2,2,2,3,3,3,3,2,2,2,2,1,1,2,2,2,2,2,1,1,0,0,0,0,0,0
15260760103,152,728.898184803912,741.642854517584,683.03117751169,0,1,0,13,6,6,0,0,0,0,0,0,0,0,0,0,0,0,0,0,3,1,3,1,3,3,3,1,1,1,1,1,1,1,1,1,1,1,3,1,1,1,1,1,1,1,1,1,1,1,1,4,0,0,0,1,0,1
15261390114,152,720.416838815629,754.584712947235,715.91883067435,1,0,1,12,4,6,1,1,1,1,1,1,1,3,2,3,2,2,2,2,2,3,2,2,1,1,1,1,3,3,3,3,3,3,3,3,3,3,2,3,2,3,3,3,3,2,2,2,2,3,3,1,0,0,0,0,1,0
15261840107,152,792.492246086554,787.895636127489,684.35538453142,1,1,0,12,2,1,1,0,0,0,1,0,0,1,0,0,0,1,1,0,0,5,2,3,2,1,1,1,3,3,3,3,3,2,3,3,3,3,2,2,2,3,3,3,2,2,2,2,3,3,2,1,0,0,0,0,0,0
15241140134,152,798.493676630661,834.710937142608,840.774958028732,1,0,0,12,5,5,1,1,NA,1,1,1,NA,3,0,2,2,1,0,3,2,6,2,3,1,1,1,1,3,3,3,3,3,3,3,3,3,3,2,2,2,3,3,3,2,3,2,2,2,2,3,1,0,0,0,0,0,0
15261390140,152,845.490045409845,972.404916702324,802.106017825931,1,0,1,11,1,3,1,1,1,1,1,1,1,3,2,3,1,2,0,3,3,5,3,2,2,1,2,3,3,3,3,3,3,3,3,3,3,3,3,3,1,3,3,3,2,3,1,2,3,2,3,1,0,0,0,0,0,0
15260720113,152,780.661072230014,716.985519714093,623.272877631754,0,1,1,13,3,NA,1,1,1,0,0,1,1,1,1,1,1,1,0,2,1,5,2,2,3,1,1,1,2,3,3,3,2,3,3,3,3,3,2,3,3,3,3,3,3,2,3,3,3,3,3,2,0,0,0,0,0,0
15230040319,152,760.733568159889,857.424671279448,833.543125254815,1,0,1,12,5,5,1,1,1,1,1,1,1,3,3,3,2,1,3,3,3,6,3,2,2,1,2,2,2,3,1,1,2,3,2,3,3,3,3,2,1,2,1,2,3,3,1,1,1,3,3,1,0,0,0,0,0,0
15261430106,152,1008.49754121488,829.873710286403,920.501348268822,1,0,0,12,NA,NA,1,1,1,1,0,1,1,2,2,1,1,2,2,0,0,2,2,3,2,1,1,1,3,3,3,3,3,3,3,3,3,3,2,3,2,2,3,3,3,2,2,2,3,3,2,1,0,0,0,0,0,0
15261000218,152,946.429002528678,857.424671279448,851.931828079107,1,0,1,12,NA,NA,1,1,1,1,1,1,1,3,3,3,2,1,0,3,2,6,2,3,2,1,1,1,3,3,3,3,3,3,3,3,3,3,2,3,2,3,3,3,3,3,3,3,3,3,3,1,0,0,0,0,0,0
15260980111,152,932.503930562214,972.404916702324,1008.11637909858,1,0,1,12,6,6,1,1,1,1,1,1,1,2,1,2,2,1,1,3,3,6,3,3,1,1,1,1,2,1,2,2,2,2,2,3,3,3,1,2,2,2,3,1,3,3,2,2,1,3,3,1,0,0,0,0,1,0
15260860211,152,672.582121199344,664.971456102599,730.865360950977,0,1,1,12,2,3,1,1,1,0,0,0,1,2,1,2,1,1,3,0,0,2,3,1,2,2,3,1,1,2,2,1,2,2,2,2,3,2,3,2,3,2,2,2,2,3,3,2,2,1,2,1,0,0,0,0,1,0
15260700111,152,723.520659555658,639.100754841275,552.891974561595,0,1,0,11,3,3,1,0,0,0,1,0,1,2,1,1,1,0,2,0,0,4,2,3,2,2,1,1,3,3,2,3,3,3,2,3,2,3,1,2,2,3,2,2,3,2,2,2,3,2,2,1,0,0,0,0,0,0
15261210308,152,753.380562454932,634.097385591464,754.755959887372,1,0,1,12,5,5,1,1,1,1,1,1,1,3,3,2,1,1,0,3,1,6,3,3,2,1,1,2,2,2,2,1,1,2,2,3,3,2,3,2,2,3,3,2,2,2,1,2,NA,2,2,1,0,0,0,0,0,0
15261780114,152,814.844684373191,791.599892435478,802.106017825931,1,0,0,12,4,6,1,1,1,1,1,1,1,2,1,1,1,1,3,1,1,5,2,2,2,1,1,1,1,3,1,3,3,3,2,2,2,3,3,3,1,2,2,2,2,1,1,1,2,1,1,1,0,0,0,1,0,0
15240850226,152,653.737512103024,677.806523511597,621.399458795866,0,1,0,13,2,2,1,1,1,0,1,1,1,3,1,2,1,0,3,1,1,3,3,2,3,2,2,1,2,3,3,2,2,3,2,3,3,3,2,3,3,3,3,3,2,2,3,3,3,2,3,2,0,0,0,1,1,0
15260770109,152,694.450952545372,673.866863289994,642.90440152109,0,1,0,12,NA,NA,1,1,0,1,1,1,1,NA,NA,NA,NA,NA,NA,NA,NA,2,2,3,1,1,1,1,3,3,3,3,3,3,3,3,3,3,1,2,2,3,3,3,3,3,3,3,3,3,3,1,NA,NA,NA,NA,NA,NA
15260360203,152,758.772746464551,682.652865440504,642.90440152109,0,0,1,12,NA,NA,1,1,1,1,1,1,1,3,3,3,2,1,0,3,1,6,2,2,2,1,2,1,3,3,3,3,3,3,3,3,3,3,3,3,3,3,3,3,3,3,3,2,2,2,1,1,0,0,1,0,0,0
15261820105,152,769.889329752686,713.114066464248,696.076945443166,1,1,0,12,3,3,1,1,1,0,1,0,0,2,2,0,1,1,0,3,2,5,2,3,2,1,1,2,2,2,3,2,2,1,3,3,3,3,2,2,2,2,2,2,2,3,1,2,3,3,3,1,0,0,0,0,0,0
15260210308,152,694.450952545372,699.937958042216,541.793585145046,0,0,0,12,2,2,1,1,NA,NA,1,NA,NA,2,2,NA,0,1,0,1,0,4,3,2,3,2,1,1,2,2,3,3,2,3,2,2,3,3,3,1,3,3,3,3,3,2,2,3,2,2,3,1,0,0,0,0,0,0
15260320223,152,828.651924839791,726.349200536683,684.35538453142,0,0,0,12,2,2,1,1,1,1,1,1,1,3,1,2,1,1,0,3,3,2,2,3,1,2,1,1,3,3,3,3,3,3,3,3,2,3,2,3,3,2,2,3,3,2,2,2,2,2,3,1,0,0,0,0,0,0
15261010204,152,894.930726172746,791.599892435478,821.19714889962,1,0,0,12,NA,5,1,1,1,1,1,1,1,2,3,3,2,1,1,3,1,6,2,2,2,1,1,2,2,3,3,2,2,2,3,3,3,2,2,2,2,1,2,2,2,3,2,2,1,3,2,1,0,0,0,0,0,0
15261400121,152,669.315890989793,723.963949505516,675.696447191491,1,0,0,12,NA,3,1,1,1,1,1,1,1,3,2,1,1,0,3,2,2,3,3,2,3,1,2,2,2,3,3,3,2,3,3,3,3,3,3,2,1,2,2,3,2,2,2,2,2,2,2,1,1,0,1,1,0,0
15261000204,152,1036.60858841237,885.855040893083,937.980165219589,1,0,0,12,3,6,1,1,1,1,1,1,1,3,1,3,2,1,0,3,2,6,3,2,3,1,1,1,3,2,2,2,2,2,2,3,3,3,2,2,2,2,1,2,3,3,1,3,2,2,3,1,0,0,0,0,0,0
15260970205,152,868.7581507888,833.132483220304,846.947584308789,1,0,1,12,6,6,1,1,0,1,1,1,1,2,3,1,1,1,0,3,2,5,3,2,1,1,1,1,3,3,3,3,3,3,3,3,3,3,2,2,3,3,2,2,2,3,2,2,3,3,2,1,0,0,0,0,0,0
15260200104,152,868.7581507888,811.726714003948,763.468318954096,0,0,0,12,3,3,1,1,1,1,1,1,1,3,2,2,1,1,0,3,0,4,3,2,2,2,2,1,3,2,3,2,2,3,3,3,3,3,2,3,3,3,2,3,3,3,2,3,2,2,3,1,0,0,0,0,0,0
15260220207,152,799.820972702492,885.855040893083,765.811031204051,0,0,0,12,4,4,1,1,1,0,1,1,NA,2,3,3,1,1,0,3,2,5,2,2,1,2,1,1,2,1,2,1,1,2,3,3,3,3,2,2,2,1,1,2,1,2,1,1,2,3,2,1,0,0,0,0,1,0
15261200202,152,848.058473331494,771.520866736981,724.186395252544,1,0,0,13,5,5,1,1,0,1,1,1,1,3,3,3,2,2,0,3,3,6,3,2,3,1,2,2,2,1,1,2,2,2,2,2,1,3,3,3,1,1,1,2,2,2,1,3,1,2,3,1,0,0,0,0,0,1
15261270318,152,836.438130653331,921.2830252568,891.483958358023,1,0,0,12,4,5,1,1,1,1,1,1,1,3,1,2,1,1,0,3,2,6,2,2,2,2,1,1,2,3,3,2,2,3,3,2,2,3,2,2,2,2,2,1,3,1,2,2,NA,3,3,1,0,0,0,0,0,0
15261330113,152,712.447327036874,690.69273234761,795.69693553946,1,0,1,12,4,5,1,1,1,0,1,1,1,3,3,3,1,NA,3,0,1,6,2,2,2,1,1,1,3,2,3,3,2,2,3,3,3,3,2,3,2,2,3,3,3,3,3,3,2,3,3,1,0,0,0,0,0,0
15261760205,152,799.820972702492,583.677750516308,641.190245977511,1,0,0,12,NA,NA,1,1,0,1,1,1,0,3,2,2,1,1,1,3,0,6,NA,NA,NA,NA,NA,NA,NA,NA,NA,NA,NA,NA,NA,NA,NA,NA,NA,NA,NA,NA,NA,NA,NA,NA,NA,NA,NA,NA,NA,1,0,0,0,0,0,0
15261370129,152,1150,933.044130210279,891.776101262241,1,0,1,12,3,3,1,1,1,1,1,1,1,3,1,1,1,1,1,3,0,6,3,2,2,1,2,1,3,2,3,3,2,3,3,3,3,3,2,3,3,2,2,3,2,2,2,3,3,2,2,1,0,0,0,1,0,0
15241140104,152,836.438130653331,829.873710286403,840.774958028732,1,0,1,13,5,5,1,1,1,0,1,1,1,3,2,3,2,3,1,1,0,3,2,3,1,1,1,3,3,3,3,3,3,3,3,3,3,3,2,3,3,3,3,2,2,1,3,3,3,3,3,1,0,0,0,0,0,0
15261500216,152,868.7581507888,792.333010542342,783.38611365402,1,0,1,12,4,4,1,1,1,1,1,1,1,3,1,1,1,1,3,1,0,6,2,3,1,1,1,1,3,3,3,3,3,3,3,3,3,3,1,3,3,3,3,3,3,3,3,3,2,1,3,1,0,0,0,0,0,0
15260820109,152,894.930726172746,748.422701976674,783.707674904887,0,1,0,13,6,6,1,1,1,0,0,1,1,1,0,1,1,1,0,1,0,3,3,2,2,1,1,1,3,2,3,3,3,3,3,3,3,3,2,3,2,3,3,3,2,2,2,2,2,2,3,2,0,0,0,0,0,0
15260300104,152,651.300084529039,699.937958042216,813.446773133039,0,0,0,12,NA,NA,1,1,1,0,1,1,1,3,2,2,1,1,1,0,1,5,2,2,2,2,1,1,2,2,2,2,2,2,1,3,3,3,2,3,1,3,3,2,2,2,2,2,2,2,1,1,0,0,0,0,0,0
15260060120,152,591.514968906535,539.718916259426,675.696447191491,0,0,0,12,2,2,1,1,1,1,1,1,0,3,2,1,1,1,1,3,0,5,2,2,2,1,1,1,2,2,2,1,2,2,3,3,2,3,2,2,1,2,3,2,1,2,2,3,2,2,1,1,0,0,0,0,0,0
15261670223,152,825.863996733009,984.463521283823,851.931828079107,1,0,0,12,4,5,1,1,1,0,1,1,1,3,1,2,1,1,2,2,2,3,2,2,2,1,1,1,2,3,2,2,3,2,2,3,3,2,2,2,1,2,2,3,2,3,2,2,2,3,3,1,0,0,0,0,0,0
15240430102,152,678.080195869449,664.971456102599,732.506338614645,0,1,1,12,NA,2,1,0,NA,0,1,0,1,3,2,1,1,1,1,1,1,3,3,2,2,1,1,1,3,3,3,3,2,3,3,3,3,3,3,3,2,2,3,3,2,3,2,3,3,3,3,1,0,0,0,0,0,0
15260950221,152,809.125587361668,805.359816580475,798.742579493849,1,0,1,13,NA,NA,1,1,NA,NA,NA,1,NA,3,2,3,1,1,0,3,2,6,3,2,3,2,2,2,1,2,2,2,1,1,2,2,2,3,3,3,2,2,2,2,2,2,3,1,2,3,3,2,1,0,1,0,1,0
15260150121,152,916.031434716938,774.412789467286,763.468318954096,0,0,0,12,2,3,1,1,1,NA,1,1,1,3,2,1,1,1,2,0,2,3,3,2,3,2,1,1,3,3,3,3,3,3,3,3,3,3,1,3,3,3,2,3,2,1,1,3,3,2,3,1,0,0,0,0,0,0
15261790440,152,922.152892158028,857.424671279448,871.251165904074,1,0,0,12,3,5,1,1,1,0,1,1,1,3,1,2,1,1,1,3,1,5,2,3,3,1,2,2,1,3,3,2,3,2,3,1,3,1,3,3,3,2,3,2,2,2,1,2,1,3,3,1,0,1,0,1,0,0
15241180109,152,903.363480240609,740.260577341231,849.039821652269,1,0,0,12,5,5,1,1,1,1,1,1,1,2,2,3,1,1,2,1,2,6,2,2,2,1,2,2,1,1,1,2,1,1,2,2,2,1,2,2,2,2,2,2,1,2,1,1,2,3,3,1,0,0,0,0,0,0
15261610119,152,695.410281742729,763.331321493914,732.506338614645,1,0,1,12,3,6,1,1,1,0,1,0,1,2,1,1,1,1,3,1,0,6,2,3,2,1,1,2,3,2,3,1,1,2,3,3,3,2,2,2,2,1,2,2,2,2,2,2,2,2,2,1,0,0,0,0,1,0
